city;country;1997;1998;1999;2000;2001;2002;2003;2004;2005;2006;2007;2008;2009;2010;2011;2012;2013;2014;2015;2016;2017;2018
Abidjan;ivory coast;-2.196048357;2.293424658;-17.7539726;10.194028;5.921862415;-32.46876712;3.815890411;23.38347331;8.332417097;-2.349589041;-1.43890411;1.40853507;-0.026343289;2.40739726;-8.51890411;7.807249046;0.439052324;-0.48;-0.174079647;0.191530055;1.424193428;-1.84
Abilene;us;3.16439479;2.228493151;0.804931507;0.497808968;-1.612055543;-3.141643836;2.176986301;-0.291592934;1.512688824;1.749315068;-4.117808219;0.797880829;0.763763006;0.39260274;3.004657534;-0.166487761;-2.652690321;0.594794521;-0.883087806;1.548087432;-0.673492776;-0.676712329
Abu Dhabi;united arab emirates;-0.993676173;0.91369863;1.233972603;-0.339787409;-0.220212591;-1.531780822;2.472054795;-0.305580508;-0.678529082;-0.819178082;0.303835616;-1.342740475;1.570959653;1.733150685;-0.477260274;-0.034227113;-0.608786586;-0.256438356;1.352110188;-1.939617486;3.022575792;-1.908219178
Addis Ababa;ethiopia;-12.14725354;12.8539726;-14.83890411;-22.53639419;-25.44634553;0;0;0;44.41068493;-14.97123288;14.94958904;-40.20608354;-10.61391646;24.36191781;45.70383562;0.603354293;2.688974474;-6.907007261;-3.576229508;10.1636612;-0.203986077;-29.90273973
Akron Canton;us;0.516031889;2.583287671;-0.535890411;-1.363155925;1.833566884;-2.297260274;-0.382191781;1.123207575;0.775148589;1.011232877;-0.97890411;-1.935619433;0.77424957;1.852054795;0.424109589;2.162700801;-2.879961075;-1.457260274;2.650136986;1.102111685;0.231586945;-1.024109589
Albany;us;-0.036166629;2.146575342;-0.115890411;-2.173753275;2.702520398;-2.389863014;-0.337808219;0.90793772;1.198089677;1.338630137;-2.361369863;-0.023983831;-0.738755895;2.886575342;-0.260547945;1.463274946;-2.704096864;-0.488767123;1.418630137;1.326692866;-0.857925743;0.085205479
Albuquerque;us;1.558387604;-0.392876712;1.276986301;1.382639419;-0.125379145;-2.084657534;2.164931507;-1.134403024;1.24344412;-0.529589041;-1.036438356;-0.424684482;1.071533797;0.64739726;0.082191781;1.539041096;-2.299315068;1.24630137;-0.490958904;0.787415226;0.832584774;-0.70630137
Algiers;algeria;2.284224867;-3.088767123;2.636986301;-0.291733663;0.487076128;-2.322191781;2.695068493;-0.955308032;-1.174007036;2.016986301;-1.763561644;0.365391122;0.72748559;0.008493151;0.69260274;-0.670384759;-0.585779624;1.491232877;-1.148076203;-0.531693989;1.479770192;-2.815068493
Allentown;us;1.065954787;2.483835616;-0.805479452;-4.313436634;4.163573621;-1.44109589;-0.011506849;1.095040048;0.626329815;1.371232877;-1.82;-1.062808593;-0.176917434;2.494246575;0.409589041;0.456141927;-1.961073434;-1.180547945;2.09369863;1.409398159;-0.306658433;-0.171232877
Almaty;kazakhstan;3.353768995;-2.870136986;2.227671233;0.580226813;-0.055569279;-1.383013699;-0.513150685;2.053373007;-0.830907254;1.019452055;-1.409041096;0.313392469;-0.546269182;0.459178082;-0.644931507;-0.609780672;3.448136837;-2.203835616;3.375917359;-1.896174863;1.538339696;-3.66630137
Amarillo;us;0.307019987;1.984109589;-0.220273973;1.440073359;0.486501984;-3.747945205;2.447945205;-0.43759488;0.131841455;0.769589041;-1.144931507;0.067544726;-0.516037877;1.087123288;2.173972603;1.378712478;-3.022274122;-0.432328767;0.603287671;1.272080246;-0.428518602;-0.233972603
Amman;jordan;-1.777287222;1.047945205;0.829315068;-0.62756868;1.287294708;-2.987123288;1.298630137;0.798192979;0.131670035;-0.119452055;-0.079452055;0.570512763;-0.168868927;3.584109589;-4.381917808;1.839081518;-1.708122614;1.076438356;-0.654108092;-0.166120219;1.555296804;-0.925479452
Amsterdam;the netherlands;3.039312074;-1.010958904;2.166575342;0.194688974;-0.685099933;-1.201643836;1.319178082;0.008002845;0.469531402;0.69369863;-0.258082192;-1.107333633;-0.179515682;-2.286027397;3.270958904;-1.15377648;-0.796086533;2.980273973;-1.869979789;-0.882786885;1.950574893;-1.343013699
Anchorage;us;3.466120967;-2.229315068;-1.760821918;3.818824762;-0.850879557;0.219452055;1.675342466;-0.537630811;0.691877386;-3.401369863;0.551232877;-2.549117449;2.234596901;1.272876712;-0.629589041;-1.994004791;3.600032188;2.209315068;-0.659452055;1.457755071;-3.701042743;2.915342466
Ankara;turkey;-2.041706715;1.841917808;0.762465753;-2.0905457;3.721778576;-4.434246575;3.082191781;-1.173275694;0.626152407;-0.15890411;1.563561644;-2.096930159;1.164875365;3.081369863;-4.762465753;1.8307014;0.526832847;1.375616438;-2.194525788;-0.593442623;1.177009507;1.300547945
Antananarivo;madagascar;-6.147853133;-3.719452055;2.52630137;-2.691783068;11.40575567;-2.083835616;1.288767123;-0.057681713;0.182887192;-0.108767123;-1.229863014;0.53579759;0.691051725;1.185205479;0.049863014;-12.25590164;9.960559174;1.471232877;-0.520043416;-1.456284153;2.345368665;-1.569863014
Ashabad;turkmenistan;1.973602066;-30.37780822;31.29835616;0.264866382;0.063626768;-2.773972603;0.753150685;1.514572199;0.582414103;-0.155890411;-1.369315068;-0.418410809;0.469095741;2.491232877;-2.543835616;0.608643611;1.746424882;-1.704657534;0.671893854;-1.136612022;1.475403099;-1.300273973
Asheville;us;8.116968336;1.597534247;0.321917808;-1.111557003;1.276214537;-1.517260274;-0.156164384;1.342565312;-0.253524216;-3.067945205;3.599452055;-1.56896624;-0.095965267;0.218630137;2.333150685;0.646370237;-2.412671607;-0.228493151;2.66630137;0.173770492;0.065955536;-0.346849315
Atlanta;us;-1.263380493;0.564931507;0.861643836;-0.714834194;0.421409537;-1.564657534;0.433972603;1.369931133;-0.504999626;1.286849315;0.435616438;-1.924296729;-0.431045737;0.817534247;1.807945205;1.148735684;-3.325995958;0.060547945;2.428767123;1.030943184;-0.354778801;-1.043835616
Atlantic City;us;-0.281020286;1.86630137;-1.388493151;0.039277641;0.450037428;-0.294520548;-0.195890411;1.238734187;0.43359458;0.668767123;0.051506849;-0.283103526;-0.520732091;1.711232877;0.991232877;-3.435285575;0.249806123;-0.754794521;2.495616438;-0.745819298;1.875408339;-0.146849315
Auckland;new zealand;-0.761193203;0.794794521;0.274246575;-0.315224942;-0.536829853;-5.484931507;2.392876712;2.718502133;1.94505951;-1.46630137;0.267945205;-0.277304439;-0.58570926;1.383287671;0.295342466;-3.588276069;3.920330863;-1.202739726;-0.347645782;0.245628415;1.385852983;-1.691506849
Austin;us;6.821562991;1.975342466;0.418082192;-0.51170896;-1.763359533;-1.634246575;1.822739726;0.771587694;1.283754772;1.150684932;-4.139178082;1.202279362;0.801008309;-0.882191781;2.726575342;-0.459326297;-1.814098361;-0.680821918;0.596712329;1.800120518;1.038235646;-1.731780822
Baltimore;us;7.915862714;1.232328767;-0.584657534;-1.180200614;1.487871847;-1.593424658;-1.241643836;2.309764952;0.094892582;1.814246575;-1.306849315;-1.206661427;-0.443749532;2.522465753;0.502739726;1.004336402;-2.892555581;-1.375342466;1.89890411;1.005332734;0.230283704;-0.916438356
Bangui;central african republic;-8.147322404;28.57178082;10.64712329;9.547817202;6.41656636;-1.784383562;-1.307123288;2.470295681;-3.682898421;1.925205479;0.58;3.95528857;-6.819398159;-2.262191781;11.10109589;-0.138631634;-0.822464256;-2.92109589;-2.115456247;4.09863388;2.021479901;-3.309863014
Banjul;gambia;33.11286848;-22.48356164;25.67178082;-33.64371061;15.82398458;1.273150685;-77.7739726;82.55443297;-40.14922749;-15.41671233;50.3123879;0;0;19.86350251;0.3;0.256169623;-0.090690171;-1.085479452;-0.406617262;-0.51010929;-8.344369339;4.918356164
Barcelona;spain;1.486372483;-2.338356164;0.930684932;-1.135258627;-0.789946852;-1.235342466;5.095342466;-0.264315443;-0.833218804;-0.056438356;-1.429315068;-0.904251815;1.900142226;-0.884109589;2.166849315;0.197445917;-0.785665095;0.190684932;-0.642178307;-0.994262295;1.713974848;-1.123287671
Baton Rouge;us;15.24025002;1.328493151;0.103561644;-0.089244704;-0.843905981;-1.510410959;1.65369863;0.867284976;0.429975298;0.743561644;-1.138082192;0.236676398;-0.023525713;0.735802808;0;0;0;0;0;0;0;0
Beijing;china;0.332357961;-0.955342466;0.872328767;-0.28568306;0.115546074;-1.423287671;1.439726027;0.676758739;-0.272923123;0.610136986;0.404109589;-1.874383562;-0.186712329;-1.10630137;1.627671233;-1.086296879;0.761639344;1.937534247;-1.180047908;-0.983060109;2.328861442;-2.419726027
Beirut;lebanon;-0.698517853;-0.067945205;1.522739726;-0.673763006;1.508557527;-2.507671233;1.695342466;-0.381747885;-0.085375402;-5.519452055;5.62739726;-0.231859421;0.742544352;2.385753425;-2.653972603;0.867751329;0.034714425;-0.154794521;-0.702870724;-0.502459016;0.465877685;-2.584657534
Belfast;united kingdom;-0.712644659;-2.434520548;0.540821918;-0.283274197;0.078068718;-1.193150685;1.010958904;0.092647653;0.045434539;-0.133150685;0.100547945;-1.264744367;0.366936148;0.026849315;2.535068493;-3.049072535;2.292360207;1.19260274;-1.967203383;-0.051639344;2.202952317;-3.279452055
Belgrade;yugoslavia;0.429574818;0.027671233;1.16630137;3.185468972;-2.724921027;-0.31890411;0.050958904;-0.168609177;-1.394952467;1.279178082;1.735890411;0.108299274;-0.088299274;-0.72630137;-0.102739726;1.468433266;-0.307611348;0.241643836;-0.401518826;-1.913661202;2.210522494;-0.412876712
Belize City;belize;0.571509095;-7.83369863;4.829589041;2.560742571;0.531586197;-1.567123288;0.577260274;-3.034619358;-1.677983382;5.879178082;-15.21452055;6.940648252;6.259899693;0.326849315;2.482191781;-0.333968111;-0.336990793;-0.919178082;0.838136088;-1.331147541;1.910819672;-2.711506849
Bern;switzerland;1.689318811;-1.965753425;-2.488219178;5.086238491;-0.732265888;-1.706575342;2.596438356;-2.246121716;0.329409387;2.007671233;0.216712329;-0.402153604;0.378317988;-1.663561644;0.597808219;-0.910651995;-0.99510143;1.948219178;-0.691369114;-1.633060109;1.977853881;-0.360821918
Bilbao;spain;2.243861067;-3.145205479;1.355616438;0.313487536;1.081033011;-0.196164384;2.919452055;-1.819348005;0.309211019;0.460273973;-3.552876712;0.276834344;0.676042368;-1.012054795;2.745479452;-1.882964294;-0.103337076;2.591780822;-1.610301669;-1.498360656;1.270032188;-0.720821918
Billings;us;14.0228827;0.182465753;2.156986301;-1.929274646;1.693110263;-4.628219178;4.636164384;-0.407339621;-0.468824762;1.84739726;-1.326027397;-2.03560521;0.10190658;0.503287671;-0.12109589;3.813169399;-2.895909125;-0.717808219;3.075068493;-0.000422187;-1.979029868;-2.333972603
Birmingham;us;0.027406992;1.859178082;0.315342466;-0.728430272;-0.777871098;-1.058630137;0.686849315;1.080799461;-0.031758365;1.321643836;0.25369863;-2.471726177;0.057479602;0.459178082;1.385479452;1.064802755;-2.931926042;-0.204931507;2.272876712;1.351958979;-0.568123363;-0.826575342
Bishkek;kyrgyzstan;-51.16234202;-7.220397702;28.89890411;3.584775807;-0.881762108;-1.223013699;0.690136986;1.373928438;-0.426531177;0.364109589;-1.481369863;0.732589266;-0.749301594;1.481643836;-1.713972603;-0.053342316;2.526493001;-3.833424658;2.862942586;-1.193989071;1.09570402;-3.491506849
Bismarck;us;12.04563665;0.72630137;0.465205479;-1.273482297;1.251016543;-3.303835616;1.97890411;0.376647204;1.305544577;1.600273973;-2.885205479;-2.375804327;-0.780086084;2.136164384;-0.405479452;3.698308257;-4.55337675;0.413424658;4.021369863;0.848090426;-1.373021933;-2.575890411
Bissau;guinea-bissau;0;0;0;0;0;0;0;0;0;0;68.80904858;-40.00522344;59.72275769;2.118630137;-13.26383562;11.60824014;-2.560294932;0.341917808;-2.175885171;7.742076503;2.463671682;-3.332876712
Bogota;colombia;1.148173516;-6.589041096;2.589315068;2.686798413;0.497585149;-0.729315068;0.286575342;0.624662774;0.4125975;-0.594794521;-0.748219178;-3.656195823;5.061675275;0.860547945;-0.130136986;-0.448916835;0.485629164;-0.404657534;0.185421813;-0.507650273;0.997022981;-2.270684932
Boise;us;5.592931357;-0.330958904;-0.079178082;0.403817651;0.217278239;-2.686575342;3.982465753;-1.164807995;-0.711082416;1.306849315;0.157534247;-2.347290216;0.721810764;1.065753425;-0.860821918;2.854951718;-3.568924321;2.62630137;1.121917808;-1.077655513;-1.368371884;1.07890411
Bombay (Mumbai);india;0.040671457;-1.757808219;1.250958904;0.431478404;-0.647368815;-0.957808219;1.331780822;-0.834254061;0.659733513;0.038082192;0.167671233;-0.975596227;2.00956883;0.184931507;-0.402465753;-0.588209447;0.042729995;0.512328767;0.365159817;-0.777322404;1.565039299;-1.151780822
Bordeaux;france;2.234342391;-3.464383562;2.074246575;0.4115323;-0.71043641;-1.087945205;2.827123288;-1.941036754;0.019940864;1.312054795;-1.770136986;-0.382623699;1.11002096;-1.417534247;3.201369863;-1.992490456;-0.429427352;0.539726027;-0.237621079;-0.294535519;0.920101804;0.412054795
Boston;us;3.121143798;0.676986301;0.823835616;-1.977976645;2.066743768;-2.016164384;-0.681917808;0.794999626;0.452123662;2.043287671;-1.898356164;-0.168639868;-0.631086159;3.149589041;-0.248219178;0.643650722;-2.169952092;-0.743013699;0.527123288;1.541306984;-0.666786436;0.360273973
Brasilia;brazil;-0.250477581;-10.26712329;9.728767123;1.676811887;-0.347496819;-1.722191781;-0.643287671;3.298495396;-2.538769369;-0.777260274;0.736164384;-1.181063702;2.209830826;1.313424658;-1.473150685;0.529130174;0.309499963;0.833972603;-2.20057639;-0.211748634;1.579448312;-4.139452055
Bratislava;slovakia;1.735519874;-0.353150685;1.339726027;2.115063253;-2.081912568;-0.400547945;0.716986301;-0.461848192;-0.280343589;1.113424658;1.255068493;-0.37448836;-0.875100681;-1.759726027;1.936438356;0.894016768;-0.702783891;1.352328767;-0.715665095;-2.115300546;2.016993038;-0.147123288
Brazzaville;congo;-85.73693241;21.34931507;64.56712329;-4.222402126;10.14897747;-1.547671233;4.416712329;-1.031679766;1.014419492;-0.415890411;-0.667123288;-0.201077925;0.334776555;-0.040273973;0.491232877;-0.18109065;0.208761883;-1.309589041;0.60164683;-0.437978142;1.53824912;-1.71890411
Bridgeport;us;9.971499364;0.278356164;1.326027397;-2.004298226;2.343750281;-2.33369863;-0.415342466;1.274689722;0.986680141;0.693972603;-2.828219178;1.591282282;-1.811282282;2.759726027;0.724109589;1.432637922;-2.584966689;-0.781917808;0.822739726;0.549882476;1.038062729;-1.129315068
Bridgetown;barbados;2.292295082;-1.717808219;0.989315068;-0.315441276;-0.517709409;-0.458356164;-8.326575342;6.961384086;4.667109065;-0.392876712;-3.05890411;-0.28472715;2.303905232;1.413424658;-0.656986301;-0.750507523;0.130507523;-0.599178082;0.280419193;-0.845628415;-59.95616064;58.24050881
Brisbane;australia;0.152584026;-0.652876712;-0.248767123;0.79769369;0.267237817;-1.628219178;0.189315068;2.045983232;0.57209896;-0.636712329;-0.075616438;-1.976436859;2.363012202;-0.194794521;-0.884109589;0.390208848;0.818558275;0;-1.005989969;0.558743169;1.489986526;-3.225479452
Brownsville;us;-0.231859421;1.122465753;0.606849315;0.560467849;-0.162933603;-2.2;0.863835616;1.119316566;0.183149188;0.809315068;-2.029315068;0.228380867;0.368057489;0.202191781;1.34;1.020898271;-2.906651695;-0.436986301;0.924931507;1.443843102;0.82903361;-0.685753425
Brussels;belgium;2.940799461;-1.481369863;2.060547945;0.6032465;-0.727630062;-0.912328767;1.648767123;-0.694054196;0.510492552;-0.084383562;-0.324931507;-0.661013549;-0.220356314;-2.013972603;3.64;-1.718239389;-0.902034583;2.853972603;-1.607948948;-1.18579235;2.216754997;-0.741369863
Bucharest;romania;-0.089217007;0.263013699;2.289863014;0.928143574;-0.839650423;-1.81369863;0.352054795;0.391731417;-0.427073883;0.95890411;1.852876712;-1.520772513;0.573923198;-0.570410959;-0.755068493;1.728058986;-0.160113781;-0.787123288;0.880570402;-1.658196721;1.36611947;-0.128767123
Budapest;hungary;1.76662849;-0.08739726;-0.06;2.888419043;-1.686775208;-0.307945205;0.190958904;-2.62656636;-0.34494049;1.679726027;2.837534247;-0.643358036;-0.141573471;-1.984383562;1.436438356;1.02558425;-0.26448836;0.975890411;-0.504844674;-2.206010929;1.659348754;0.13890411
Buenos Aires;argentina;0.433726327;-3.584931507;1.836164384;0.560122764;0.939877236;-2.107671233;0.255068493;1.583490531;-0.314449435;0.376438356;-1.805753425;1.586387454;0.102379669;0.435342466;0.229041096;0.489794146;-0.844588667;0.733150685;-0.67790628;-2.063114754;3.265130624;-2.888767123
Buffalo;us;0.298967737;2.749863014;-0.540547945;-1.630140729;2.65863388;-3.045205479;-0.385205479;1.044727899;1.339107718;1.495890411;-1.706849315;-1.433613294;-0.259811363;1.935890411;0.537260274;2.289666143;-3.222268882;-1.751506849;1.690410959;2.36287297;-1.120407216;-0.595342466
Burlington;us;1.788457968;2.397260274;0.655890411;-2.720570402;2.572351224;-2.651506849;-0.426027397;0.255456247;1.700982109;1.700821918;-3.130136986;0.611666292;-0.52618684;2.73260274;-0.231232877;1.923450857;-2.601807021;-0.497534247;0.885205479;1.872878958;-0.70356389;-0.398082192
Cairo;egypt;-0.558014821;-1.418356164;2.46739726;-1.043758515;1.96540235;-2.10630137;1.249041096;0.390218579;-0.23241036;0.069863014;0.22109589;-0.348985703;1.66761584;1.864109589;-3.651232877;0.820053896;-0.095122389;0.100821918;-0.906245976;0.251639344;1.992688824;-0.702191781
Calcutta;india;1.912377423;-0.935616438;1.465479452;-1.182131148;0.824322928;-1.373424658;2.297808219;0.561949248;-1.274278015;0.844657534;-2.553150685;1.32566734;1.222277865;0.609041096;-1.144931507;0.761426753;-0.793755521;-0.046849315;0.235960027;0.663934426;-0.380168426;-1.724383562
Calgary;canada;4.741772588;-0.677808219;1.770410959;-2.304047459;2.611992664;-4.034520548;2.609863014;0.896817876;0.228935549;0.752328767;-1.337260274;-4.568047758;3.025034059;1.163561644;-0.124931507;0.939452055;-0.14;-10.64340509;0;0;0;0
Canberra;australia;2.619947601;-7.711232877;8.049863014;-0.689998503;0.266162886;-0.876986301;1.071232877;0.931667041;-0.190571151;0.471506849;0.185479452;-2.065049031;1.983131222;-1.241369863;-0.876712329;-0.689092746;1.604435212;0.175068493;-1.149449061;0.430601093;0.93802605;-0.621369863
Capetown;south africa;1.170905756;-1.655890411;2.591780822;-0.069364473;-0.473375253;-2.043835616;1.616438356;0.954870874;-0.575966764;0.334794521;-0.755068493;0.009628715;1.113658957;-0.035890411;-0.294520548;0.147626319;0.085524366;0.151506849;-1.247960177;-0.013114754;1.053951643;-2.042191781
Caracas;venezuela;-0.216464556;-1.452328767;-5.990958904;5.992265888;1.078693016;-0.392876712;1.718082192;0.354025002;0.799947601;-1.512328767;0.469315068;-0.486442099;1.576853058;-0.216164384;-4.130684932;3.471908826;-0.538210195;-0.767123288;-0.165704768;-18.02459016;8.93002096;1.727123288
Caribou;us;-0.266353769;2.530958904;1.567945205;-2.509872745;2.183571375;-4.276712329;1.252328767;-0.076127704;1.876127704;1.975342466;-3.76;0.219458792;0.263006962;4.890410959;-2.258630137;0.782261397;-1.795138109;-0.518356164;0.02109589;1.6232727;-0.392039823;-0.451780822
Casper;us;-0.095936073;0.386027397;1.796164384;-0.682977019;0.973387978;-4.620821918;3.929041096;-0.287618085;0.951453702;0.498082192;-1.041917808;-3.34914814;0.459285126;2.036986301;-0.254520548;3.394861142;-3.538696759;-0.226027397;2.279452055;-0.463361779;-0.449514934;-0.865753425
Charleston;us;0.707013998;1.240958904;-0.189041096;-1.01726514;1.090826783;-1.440273973;0.279863014;1.207972154;0.040110038;0.65739726;0.23260274;-4.215902388;2.464258552;0.365753425;1.765890411;0.127868104;-1.495813309;-0.348493151;1.639178082;0.577396137;-0.075341343;-0.602328767
Charlotte;us;1.333403698;0.741643836;-1.172054795;-1.125943559;1.684573696;-1.980273973;-0.136438356;1.386510218;0.104448686;0.599452055;0.904931507;-2.287520773;0.262589266;0.732876712;1.363013699;0.363105023;-2.361461187;0.043835616;2.550136986;0.317761809;0.257580657;-0.682465753
Chattanooga;us;5.605394116;1.896438356;0.668767123;-0.900654241;-0.025373157;-0.876438356;-0.641917808;1.392909649;-0.077567183;0.764657534;1.145753425;-2.30880006;-0.058323228;0.625753425;1.171780822;1.110515757;-2.916543154;-0.043561644;2.094794521;1.289900442;-0.73921551;-1.109315068
Chengdu;china;-8.430610824;9.993972603;0.439452055;-0.188332959;0.673264466;-2.187671233;1.764109589;-0.048063478;-0.110566659;1.721643836;-0.512328767;-1.815415076;1.382264391;-0.28630137;-0.321643836;-0.206832847;2.416421888;-1.697534247;1.081385583;-1.193442623;1.517536492;-2.299726027
Chennai (Madras);india;1.26716895;-1.883835616;1.255342466;0.226624747;0.230361554;-2.458630137;2.195890411;-0.40286773;0.186155401;0.231780822;-1.473424658;0.323521222;1.972095217;-0.86739726;0.017808219;0.952357212;-0.927425706;-0.021917808;0.156720563;0.321038251;1.34059735;-0.869863014
Cheyenne;us;0.077859121;0.239452055;1.646027397;0.374093121;0.244537016;-3.07369863;3.304931507;-0.366480275;0.608672056;-0.20109589;-0.894246575;-1.925351448;-0.370812935;1.866575342;-0.450136986;3.389074032;-3.531539786;0.685479452;1.809315068;0.269258927;-0.124875365;-1.1
Chicago;us;1.492639419;3.751232877;-1.216164384;-1.117325399;0.981434988;-2.481643836;0.145479452;1.469756718;1.26476383;0.592876712;-1.497808219;-2.860651995;0.693254735;2.96739726;-0.654520548;3.890589865;-5.328124111;-1.657534247;2.58739726;1.994435961;0.228303765;-1.608767123
Cincinnati;us;0.710741073;2.357534247;-0.398630137;-1.348880156;1.57353769;-2.07369863;0.036438356;1.203066846;1.123234524;0.436438356;0.402191781;-2.595197994;-0.050007486;1.323835616;0.887671233;1.613637248;-3.290897522;-1.036438356;2.426849315;1.196934651;-0.272551089;-0.849589041
Cleveland;us;0.537500561;2.93260274;-0.864109589;-1.517195898;1.781031514;-1.997534247;0.101369863;0.568138334;0.538437009;1.129589041;-1.211780822;-1.020999326;0.499355491;2.346027397;-0.640273973;1.891612396;-2.926954862;-2.020273973;2.122739726;3.002084737;0.095997455;-1.869589041
Colombo;sri lanka;-37.28377498;29.35205479;-20.30794521;-7.821536792;43.32893405;-1.187945205;2.983561644;-0.349140654;0.146400928;-0.029863014;-0.222739726;-1.391612396;1.50777678;0.515890411;-0.077808219;-0.94777154;-4.69743394;4.522739726;0.253382738;-0.219398907;1.278892881;-3.973150685
Colorado Springs;us;-1.308241635;0.776438356;1.368767123;0.139265664;0.047309679;-2.18630137;2.551232877;-1.049946104;1.132137885;-0.222191781;-0.961643836;-0.298575492;-1.036493001;3.292876712;-0.149863014;2.471074931;-3.80258178;0.424931507;1.260821918;0.965189011;0.063578112;-0.840547945
Columbia;us;1.414093121;1.017260274;-0.385205479;-0.635765402;1.361518826;-1.57890411;-0.292876712;1.555617187;-0.360000749;0.623013699;0.494246575;-1.970101055;0.511196946;0.371232877;2.087671233;0.323068343;-2.036766974;0.104383562;2.096712329;0.19086234;0.43023355;-0.814794521
Columbus;us;4.913696759;3.839178082;-0.418356164;-1.258835616;1.02130137;-1.93260274;0.272739726;0.896758365;0.319269032;1.161780822;-0.502328767;-2.201535295;0.034275021;1.099315068;1.471643836;1.436432742;-2.453693016;-1.483835616;1.635753425;1.097950071;0.79794034;-1.024246575
Conakry;guinea;0;0;-56.73485216;-22.82361779;73.11019313;0.308219178;12.15369863;8.335266113;-3.354170222;-3.142739726;-27.39780822;12.41821544;17.1864421;-22.22;-7.662465753;-9.020369788;39.69708212;-0.686027397;-14.21979789;5.725136612;4.273565387;-4.34
Concord;us;16.06921027;1.772328767;-0.032328767;-1.510303166;1.022905906;-2.104931507;0.197808219;1.237769294;0.116203309;2.005205479;-2.444109589;-0.879211767;-0.289007411;3.832054795;-1.374794521;1.550599596;-2.650325623;-0.70739726;0.697260274;3.039697582;-1.167094842;-0.430410959
Copenhagen;denmark;3.625351448;-2.000547945;2.196438356;1.04023355;-1.638315742;-0.31369863;0.748767123;-0.044566959;0.048676548;1.111232877;-0.038082192;0.220522494;-1.29696085;-2.725753425;3.356164384;-0.947384535;0.106288644;2.572054795;-1.904299723;-1.089071038;1.474466652;-0.121643836
Corpus Christi;us;-0.688891384;0.775342466;0.879178082;0.59748559;-1.047622577;-1.675616438;0.776164384;1.449533648;0.570740325;0.842465753;-2.724657534;-0.022974774;1.57311176;-1.419178082;2.11890411;2.092462759;-2.032736732;-1.741643836;0.238356164;2.496406917;-0.50517404;-1.888493151
Cotonou;benin;-0.528535819;-39.86191781;36.7630137;-21.1228333;27.32064152;-2.133150685;-3.513424658;6.375387379;0.287626319;-12.87972603;11.54821918;-6.426338049;7.223050378;1.521917808;-1.578356164;0.233661202;-0.104620106;-1.462739726;0.92801557;-0.376229508;1.955337226;-3.421643836
Dakar;senegal;0.559285875;-1.175342466;-1.104931507;0.142299573;2.769755221;-4.347123288;3.360547945;0.230481323;1.17938169;-1.052328767;-0.51260274;0.391560746;-1.00361554;2.695616438;-1.307945205;-0.202361704;0.21880006;-1.006849315;0.069196796;-0.756010929;2.404622352;-5.637260274
Dallas Ft Worth;us;1.025998203;2.308767123;1.379726027;-0.71285201;-1.86714799;-2.304931507;1.94739726;1.13096639;1.39423909;1.517534247;-2.455890411;1.360237293;-2.35037428;0.969315068;1.872876712;0.487144247;-3.028240138;-0.135890411;1.149041096;1.900608578;0.655281832;-2.665479452
Damascus;syria;-2.096365746;1.387945205;0.861917808;-0.381639344;1.726844824;-2.794520548;1.399452055;-0.064563216;-0.354888839;-0.136438356;0.392328767;0.209380942;-0.257052175;3.478356164;-4.255068493;1.289502208;0.31981286;-0.067945205;-1.033015196;-4.884153005;4.035524366;2.418630137
Dar Es Salaam;tanzania;-3.39338723;-12.03835616;-8.859452055;-27.87874991;7.684503331;23.39780822;15.70328767;-1.81592709;7.822776405;4.006575342;4.204109589;-8.918707239;6.073501759;-33.00027397;33.82958904;1.419041096;0.287808219;-1.952015869;0.712295082;-0.107650273;2.524905307;-3.701643836
Dayton;us;0.381102627;3.031232877;-0.623013699;-1.502709784;1.565997455;-2.903561644;0.200821918;1.34002096;0.337513287;0.910958904;-0.336712329;-2.513945655;0.798055244;1.610136986;0.554794521;2.169800135;-3.04925219;-1.15369863;2.333972603;0.767065649;-0.321312224;-0.960821918
Daytona Beach;us;19.33864062;0.28739726;-0.166575342;-0.753451606;0.580026948;-1.246575342;1.352054795;0.140449884;-0.240723857;0.659452055;0.211780822;-0.585153829;0.08214013;-0.958508259;0;0;0;0;0;0;0;0
Delhi;india;-1.296838087;-0.935342466;1.987945205;1.085492178;-0.927136013;-0.696438356;0.894520548;1.412387155;-0.71923647;1.23890411;-3.978356164;1.904590164;1.071848192;-0.729863014;-2.082739726;2.921082416;-0.684918033;0.238630137;0.066506475;1.31557377;0.067508796;-2.808493151
Denver;us;-1.048055992;0.232876712;1.747123288;0.286088779;0.235007111;-3.378356164;2.222465753;0.130172917;1.130101055;0.529041096;-1.611780822;-0.720858597;-0.314483869;1.981369863;-0.467123288;3.192860244;-3.886832847;0.434246575;1.434794521;0.324895576;0.478118123;-0.815616438
Des Moines;us;2.145264616;1.931780822;0.465205479;-0.678316491;0.453932929;-2.528767123;1.112876712;0.775618684;1.588490905;0.845753425;-2.149863014;-3.685200988;2.713420166;1.643561644;0.500547945;3.692197021;-5.246717569;-0.936164384;3.726849315;1.112043566;-0.512043566;-3.244383562
Detroit;us;2.837481847;3.507671233;-1.118082192;-1.168327719;1.812711281;-3.016986301;0.11890411;1.222256157;0.823497268;1.229863014;-1.395068493;-1.888619657;0.207523767;2.727671233;-0.59369863;2.597028221;-3.919493974;-1.960821918;2.976438356;1.842402126;-0.565141852;-0.867123288
Dhahran;saudi arabia;0.06364174;0.078630137;1.737808219;-0.789916161;0.157587394;-2.078630137;1.896986301;-0.025943559;-0.171590688;1.804931507;-0.151780822;-0.687570926;0.910584625;0.231506849;-2.094794521;-2.571613893;3.051887866;-1.329315068;-10.89579684;11.30765027;1.833352047;-0.897808219
Doha;qatar;-0.833312374;1.374794521;1.838082192;-0.651695486;0.717996856;-2.284931507;2.067671233;-0.054834943;-0.357767797;0.439178082;-0.377260274;-0.88174564;1.217362078;1.698082192;-1.126849315;0.473426903;-0.531783068;0.23890411;-1.198377873;-0.277322404;2.33816603;-1.969041096
Dubai;united arab emirates;-1.05567782;0.921917808;0.983561644;-0.699801632;0.610212591;-1.552054795;2.360547945;-0.17335055;0.07335055;-0.540821918;0.571506849;-0.668243132;0.683037653;1.867671233;-0.84630137;0.245046036;-0.572443297;-0.341643836;0.941409537;-1.651092896;2.979546373;-3.300547945
Dublin;ireland;1.881119096;-1.851780822;1.173424658;-0.469429598;-0.055227936;-0.561643836;1.645753425;-0.088717718;0.364882102;0.242191781;-0.850410959;-0.865406093;0.140474586;-1.641643836;2.846575342;-1.113985328;0.19946478;0.635342466;-1.428249869;-0.242896175;2.040735085;-1.515890411
Duluth;us;2.929519425;3.250410959;-1.286849315;-1.155649375;1.60880006;-3.608219178;1.589315068;-0.078693765;1.889926641;1.825753425;-2.567945205;-2.911396063;1.271944008;3.087671233;-1.03890411;3.243496519;-4.434729396;-1.916712329;5.044109589;0.146676398;-2.271607905;0.120273973
Dusanbe;tajikistan;-96.98931507;0;29.06054795;0;7.871780822;45.73013699;0.56;1.860107044;-1.305860469;1.48;-1.351506849;-0.317441425;-0.033791451;1.47260274;-0.403835616;-2.127871847;2.436912943;-2.129041096;1.446772962;0.869945355;0.604103601;-1.027123288
Edmonton;canada;5.427098585;-0.168493151;0.57369863;-1.952795868;2.974165731;-6.465479452;2.922191781;1.722673853;1.359243955;0.438356164;-1.739726027;-4.762245677;2.932656636;1.800821918;-0.059452055;0.379525414;-0.478703496;-0.619178082;-15.46105675;0;0;0
El Paso;us;0.65626993;-0.696712329;1.267945205;1.271131073;-0.566473538;-1.754520548;2.275616438;-1.49232727;1.637806722;0.149041096;-1.313424658;-0.125062505;1.365336477;-0.064383562;1.176164384;0.411953739;-2.008666068;1.456164384;-0.396712329;0.838285051;1.224454675;-0.541369863
Elkins;us;3.793847593;1.410684932;-0.702739726;-0.269005914;0.758868927;-0.900273973;0.037534247;2.124362602;1.148788083;-1.566575342;-0.26109589;-10.35772887;9.797728872;-0.174246575;2.150684932;-0.151489632;-1.464400779;-0.617808219;2.013150685;0.445834269;0.283206827;-0.828493151
Erie;us;0.587916012;3.444109589;-1.009589041;-1.468338199;-0.144264541;-0.684931507;-0.983561644;1.633249495;0.657709409;1.32630137;-1.028493151;-0.385845497;-1.254702448;1.933150685;0.242465753;2.114331911;-3.048578486;-1.67890411;1.969589041;2.426746014;-1.139348754;-0.239452055
Eugene;us;2.066185343;-1.210958904;-0.387671233;0.731625122;0.306183098;-1.81369863;2.727123288;0.413725578;-1.03180777;-0.060547945;-1.097808219;-0.956010929;0.782312299;1.640273973;-1.261643836;1.158456471;-0.508045512;2.64;0.656986301;-1.333749532;-1.822688824;0.743561644
Evansville;us;1.552986751;2.766575342;-0.471780822;-1.133846845;1.374668763;-2.007671233;0.416986301;1.239513437;0.611445467;-0.369041096;1.128767123;-3.145761659;0.795076727;1.356438356;0.652328767;2.045609701;-3.978486414;-0.607123288;2.667123288;0.861929037;0.177796991;-1.846027397
Fairbanks;us;4.100755296;-1.183561644;-3.855616438;4.575581256;0.362500936;0.393424658;0.197808219;-0.309744741;0.178511865;-2.966027397;1.425479452;-1.915286324;2.274464406;1.083013699;-1.064109589;-3.554024253;4.491010555;2.483835616;-0.837260274;1.146293884;-1.593965117;0.919452055
Fargo;us;5.900747062;3.179726027;-0.697534247;-1.487583651;1.397172693;-3.158356164;1.535616438;0.110812935;1.925625421;1.807671233;-2.588767123;-4.027862864;1.200191631;3.431780822;-0.402191781;3.500273973;-6.115068493;0.243287671;4.815890411;1.091682761;-2.319627966;-2.695068493
Flagstaff;us;4.041900591;-2.692328767;1.946575342;2.634180702;-0.525687551;-1.061643836;1.339178082;1.324109589;0;0;0;0;0;0;0;0;0;0;0;0;0;0
Flint;us;0.332333258;3.638356164;-1.347123288;-0.742418594;1.937213115;-2.506027397;-0.109315068;0.845069242;0.464245827;0.699726027;-0.259726027;-2.264081892;-0.240027697;3.22;-0.314246575;2.692744217;-3.434935998;-1.652054795;3.329589041;1.706035631;-2.593980837;-1.263013699
Fort Smith;us;5.426928662;2.184109589;-0.035616438;-0.775421813;0.592682087;-3.146575342;1.438082192;1.216357512;0.989669885;0.853424658;-1.775342466;-1.895074482;0.576718317;1.898082192;1.710410959;1.695936073;-4.552374429;-0.839178082;2.006849315;1.500823415;0.044382065;-1.765479452
Fort Wayne;us;12.2418422;3.435342466;-0.908767123;-1.27743394;1.743187364;-2.543013699;-0.527945205;1.716842578;0.476582079;1.089589041;-0.719452055;-2.565571525;1.005571525;2.469315068;-0.317534247;2.104942735;-3.868504379;-2.214246575;3.050684932;1.896820121;-0.177368066;-0.705753425
Frankfurt;germany;-73.97616438;-2.333972603;-0.356438356;0.212807096;-6.63636874;-0.194520548;0;-4.346979564;6.264787784;0.416484792;0;0;0;0;0;0;0;0;0;0;0;0
Fresno;us;-0.152027098;-4.353424658;2.070410959;1.409084512;1.019956584;-2.615890411;2.040821918;0.173691145;0.138911595;-0.755342466;-0.24630137;0.628306011;-0.132141627;-0.453424658;-0.594246575;3.118883898;0.141664047;2.338082192;-2.483835616;-0.306019912;0.155608953;0.500547945
Geneva;switzerland;1.597741597;-1.768767123;1.497260274;0.609830826;-0.545447264;-1.218082192;2.105205479;-0.29686728;-0.446420391;1.470958904;-1.029863014;-0.781560746;1.010327869;-1.444109589;2.553150685;-1.057347107;-1.401009058;2.189589041;-0.519181076;-1.830601093;1.994439704;0.173150685
Goodland;us;2.607816453;0.390136986;1.389863014;0.105899394;0.489717045;-2.648493151;2.484109589;-0.178065723;0.819435586;-0.176712329;-1.978082192;-0.450979864;-0.849020136;2.17890411;-0.383561644;3.333732315;-3.652910397;0.017260274;2.22;0.153628266;-0.672806348;-1.310684932
Grand Junction;us;-1.272110936;-0.355068493;1.096986301;1.770630287;-0.129260424;-3.401917808;3.767123288;-2.261354892;1.381354892;-0.629589041;0.064383562;-2.106040123;0.56576615;0.874520548;-0.510410959;3.161654315;-5.536174863;2.335890411;1.076712329;0.17876338;2.204524291;-0.484383562
Grand Rapids;us;1.247427203;3.351506849;-0.991780822;-1.093218804;1.387191407;-3.015342466;-0.163287671;2.067121791;0.655891908;1.099726027;-0.197534247;-2.942509918;0.697852384;3.329315068;-1.22739726;2.909792649;-4.045957033;-1.985205479;2.266575342;2.16458717;-1.003491279;-0.697808219
Great Falls;us;18.58924994;-0.147671233;2.081643836;-1.890708885;2.167695187;-6.11369863;5.332328767;-0.766653193;-0.112798862;2.191506849;-0.974794521;-3.347082865;0.497767797;0.891232877;0.213424658;3.289104723;-1.888556778;-1.64109589;2.916712329;-0.562469496;-1.401640093;-1.177260274
Green Bay;us;6.373435886;3.756164384;-1.275068493;-1.464367842;2.107107568;-3.130136986;-0.149041096;1.763600569;1.216947376;1.146849315;-0.940273973;-3.161227637;-0.176032637;3.622191781;-1.156986301;3.701264316;-5.373045138;-1.950958904;4.727671233;1.005895651;-0.9774025;-1.057260274
Greensboro;us;2.981827233;1.695616438;0.149863014;-1.062006138;1.309677371;-1.547671233;0.235616438;1.487896549;0.21100756;0.829315068;0.605205479;-2.39224942;-0.008024553;0.998356164;0.867945205;0.304564713;-2.571688001;0.03369863;2.411232877;0.620199117;-0.432527884;-0.949863014
Guadalajara;mexico;0;0;4.92593757;19.59974549;-1.836183846;0;0;-29.18184894;0;0;0;0;0;0;57.13034209;2.381133318;-5.042896175;-2.94726776;-11.51338798;11.58879781;11.85636051;-3.111551763
Guangzhou;china;0.742354967;-0.20739726;0.841917808;-0.365673329;0.136906206;-1.470684932;1.62630137;-0.129954338;0.071872146;0.719726027;-0.288219178;-1.591903586;1.717109065;-0.345205479;-0.361369863;0.118428026;0.250065125;0.053424658;0.269187813;-1.733879781;2.556198817;-2.046849315
Guatemala City;guatemala;46.64463283;-29.82547945;27.67013699;-0.430820421;-2.778220675;1.327945205;0.088493151;0.444569204;2.426663672;-0.344109589;0.393972603;-3.429258927;2.254738379;1.256438356;-0.089589041;-0.130057639;0.461016543;-0.93890411;-0.195336477;-0.028415301;1.162107942;-2.664931507
Guayaquil;equador;18.90459241;1.705479452;-6.254520548;6.22914814;1.781262819;-1.151780822;1.65890411;-8.628276817;13.64279737;-2.172328767;1.210684932;-0.493448611;0.951256831;-2.087945205;2.612054795;-0.907606857;0.501305487;0.332328767;1.109808369;-1.71010929;0.953451606;-3.690136986
Halifax;canada;-0.938186241;1.538356164;2.462191781;-2.206897223;0.980047908;-2.906575342;2.048219178;-1.484260049;1.515492926;1.054520548;-3.580547945;0.743048132;-0.343322105;3.606027397;-1.223287671;1.439270904;-2.37790104;-10.23231856;0;0;0;0
Hamburg;germany;0;0;0;0;0;-7.689361505;20.92054795;-7.264644809;6.330946179;5.386813384;-10.08045653;15.38614286;2.190761752;-2.801502732;4.055977449;0;0;0;0;0;0;0
Hanoi;vietnam;1.593765252;-1.226849315;0.744109589;-1.057200389;-0.039237967;-1.163013699;2.803561644;-2.336829104;0.662856501;1.543561644;-0.455342466;-2.113643985;2.59830152;0.329589041;-2.620547945;1.668886893;-1.383955386;1.203561644;-0.320699154;0.489071038;0.939573321;-1.777260274
Harrisburg;us;1.543782469;1.74;-0.492328767;-1.876426379;0.779440078;-1.659178082;-1.013424658;2.009556104;0.847156224;0.93369863;-1.802465753;-0.618006587;-0.054870125;6.284671636;0;0;0;0;0;0;0;0
Hartford Springfield;us;2.169533648;1.541369863;0.248219178;-2.111581705;1.873773486;-1.798630137;-0.530410959;0.860732091;0.811596676;1.896164384;-1.800273973;-0.667869601;-0.660897522;3.386575342;-1.089589041;1.700796467;-2.665454001;-0.518356164;1.039178082;1.203102029;-0.965019837;-0.155068493
Havana;cuba;2.223520473;1.383835616;3.444931507;-1.477424208;3.912492702;3.066575342;1.275068493;-1.962879707;2.616578337;0.004383562;-0.368493151;-4.798916835;3.312615465;0.310136986;0.914794521;-0.291098885;0.865619433;-1.014246575;0.915567033;-1.772131148;1.782865484;-2.327123288
Helena;us;4.311446216;0.509863014;1.50109589;-0.565028071;2.332973276;-4.020273973;3.238356164;-0.284662026;-0.74328318;3.021917808;-0.24630137;-3.694355116;0.066683884;-0.942465753;1.306849315;2.41319485;-0.738948275;-0.396164384;2.255068493;-0.649464032;-2.130261996;-0.742739726
Helsinki;finland;2.028621154;-2.361643836;3.175068493;1.64729845;-2.524010779;-1.230410959;0.607123288;0.321888614;0.972905906;0.506027397;-0.002191781;1.435553559;-2.963772737;-1.548767123;4.101369863;-2.704130549;2.132075754;0.072054795;0.42209896;-2.780601093;1.463707613;-0.370136986
Hong Kong;hong kong;0.282112434;-0.927945205;0.735068493;0.174698705;0.33954787;-1.623287671;1.795342466;-0.415154577;-0.252242683;0.810958904;-0.204383562;-1.834933753;1.598221424;-0.003561644;-0.735068493;0.889589041;-0.146027397;0.191506849;0.608345685;-1.984153005;2.364300472;-2.378630137
Honolulu;us;-0.802158844;-2.732054795;1.389863014;1.180416199;0.125611198;-2.163561644;2.181369863;1.246744517;-0.399895202;-1.310136986;0.27890411;-0.710401976;0.820812935;-0.135616438;0.844931507;-1.217013249;0.09071188;1.174246575;0.481369863;-0.893596078;0.458527584;0.50630137
Houston;us;3.673482297;1.571232877;1.32109589;-0.411712703;-1.237328393;-1.062191781;1.722465753;1.189349502;-0.09126731;0.771506849;-1.61890411;-0.250952916;0.810952916;-0.406849315;2.169041096;0.223849839;-2.535082716;-0.659178082;1.389863014;1.04264915;0.916802904;-1.434794521
Huntsville;us;0.133063104;1.922465753;0.272876712;-0.553815405;-0.960705143;-0.570410959;0.163287671;1.080123512;0.435218954;0.754794521;0.767671233;-2.726263942;0.65448312;0.498082192;0.575068493;1.565535594;-3.010741073;0.183835616;3.016438356;0.633144696;-0.550952916;-0.90109589
Indianapolis;us;1.604950221;3.121917808;-0.33260274;-1.582516655;1.594023505;-2.376438356;-0.034520548;1.521306984;0.520610824;0.605753425;0.146027397;-2.995342466;1.057260274;1.775890411;0.484109589;1.701318961;-4.474469646;-2.262739726;3.762465753;1.606710832;0.041508346;-1.29260274
Islamabad;pakistan;-2.333341567;0.193150685;-2.911506849;-20.4237121;27.53439704;-6.927945205;6.650958904;0.853518227;-1.64009357;1.338630137;-0.38109589;-0.22782319;0.448371136;1.584657534;-0.708767123;0.207978891;-0.129074781;-1.535068493;-0.254709185;2.047814208;0.068538813;-1.339452055
Istanbul;turkey;-0.628731941;0.436164384;2.53260274;-0.570909499;1.217758814;-2.695068493;-0.12630137;0.933938918;-0.02681563;0.138082192;1.464657534;-0.768547047;0.564163485;1.306575342;-2.636986301;2.264061681;0.048541058;0.137534247;-0.902741972;-0.523770492;0.913361779;0.628219178
Jackson;us;0.168650348;1.571780822;0.289041096;-0.471002321;-0.749271652;-1.274246575;0.674794521;1.163477805;-0.280738079;1.354520548;-0.103835616;-1.415848492;0.003519725;0.029041096;1.452054795;0.939974549;-2.427919754;-0.669041096;3.269863014;0.203873793;0.152290591;-2.026849315
Jacksonville;us;3.031876637;0.096986301;-0.491780822;-0.692819822;0.882956808;-1.265479452;0.624109589;0.985735459;-0.290666966;0.823013699;-0.71369863;-6.135314769;5.969835317;-1.356986301;2.164383562;0.252822068;-0.553370013;-1.088493151;2.435616438;-0.362878958;0.91465978;-0.836986301
Jakarta;indonesia;-12.46523692;-9.596438356;-27.27671233;0;0;0;-1.955616438;0;0;34.22767123;42.0509589;0.414827457;1.884624598;6.711506849;1.278356164;-0.89334007;0.020737331;0.278356164;-0.603191856;-0.777868852;1.898594955;-2.416712329
Juneau;us;3.763037653;-2.729863014;0.902465753;0.127747586;0.02759488;-1.656164384;1.769315068;1.594227113;-0.251213414;-3.254246575;0.416712329;-1.270541957;1.634103601;1.543287671;-1.843013699;-0.538749158;2.255187514;0.683013699;1.419726027;0.218029044;-3.178029044;1.390136986
Kampala;uganda;8.853050378;-13.31561644;-30.23041096;45.38559997;31.60590688;-18.49890411;0;0;-17.97643836;39.90493151;1.391780822;-5.306784939;-4.153763006;-22.89506849;24.82054795;-9.9632465;-14.43647953;20.44684932;10.46941163;1.52568306;0.487645033;-3.047123288
Kansas City;us;1.423899244;2.133424658;-0.105753425;-0.601570477;0.825954038;-2.382739726;1.314794521;0.382428325;1.14442099;2.220273973;-3.008219178;-2.866038626;1.046312598;1.767945205;-0.271780822;3.853697882;-5.645204731;-0.16630137;2.876438356;1.387253537;-0.656568605;-1.971506849
Karachi;pakistan;-1.369938618;1.25260274;-10.36438356;-15.16063029;27.92884946;-2.613150685;2.207123288;0.326631484;-0.725809567;0.552876712;-0.232328767;-1.595558051;1.069530653;0.501369863;-0.970958904;-0.407591886;0.79964668;-0.606575342;0.468404072;-1.112295082;1.398959503;-1.067945205
Katmandu;nepal;-25.46948649;31.05835616;-4.085479452;-2.884810989;24.52755071;-5.130410959;8.085753425;-2.380980612;-1.621485141;0;-79.44328767;79.84182199;-0.898260349;-1.357808219;5.766849315;-2.228813534;-2.480501535;2.694794521;-0.454183696;0.036612022;1.843599072;-2.500821918
Kiev;ukraine;-0.623200838;0.282465753;3.717808219;0.419374953;-0.746224268;-0.769315068;-0.449863014;0.550921476;-0.126263942;-0.481369863;1.845753425;-0.046862789;-0.349027622;0.445479452;-0.484383562;-0.758516356;0.859886219;-0.602191781;1.583835616;-2.508743169;2.122167827;-1.812328767
Knoxville;us;4.545379145;1.362465753;-0.138630137;-0.649815854;0.55145969;0.96;-2.154794521;1.281039748;0.315124635;0.308767123;0.847123288;-2.141506849;-0.511369863;0.887671233;1.750410959;0.571648327;-2.829182574;-0.62109589;2.493424658;1.225706265;-0.534747361;-1.132054795
Kuala Lumpur;malaysia;0.410875065;-64.71506849;64.48575342;-0.949592784;2.180551688;-1.263287671;1.434520548;-0.060527734;1.007651022;-1.44109589;-0.870958904;-0.36198967;0.989112958;2.01260274;-0.360547945;-0.087889064;-0.644165731;-0.4;-0.189167602;-0.278415301;0.790322629;-2.723835616
Kuwait;kuwait;-2.223916461;0.938082192;1.19369863;0.003884273;0.499129426;-2.789041096;2.844109589;-0.444635077;-1.850981361;2.190684932;-0.744109589;-0.675648626;0.602497941;1.918082192;-2.553424658;0.088582229;0.349773935;0.843835616;-1.396341792;-1.080601093;2.101052474;-0.029315068
La Paz;bolivia;0.83318437;0.300547945;-1.398082192;-0.05095067;0.519443821;-0.65369863;0.801643836;1.316490755;-0.208819522;-1.015068493;-0.196438356;-1.377487836;1.656391946;1.414246575;-1.106849315;0.259708062;-0.087379295;-0.152876712;0.261294259;-0.01284153;0.914013025;-2.782465753
Lagos;nigeria;0;-57.74306432;25.35813282;0;-18.1709589;-37.93041096;0;1.143635003;16.48650198;31.11260274;-10.23808219;-12.58916461;60.88176735;0.480273973;2.53369863;-5.686723557;-9.649166854;-26.48799162;9.223497268;32.38770492;-35.38129276;31.07561644
Lake Charles;us;1.577260274;0.845479452;0.49369863;-0.046766225;-0.754329665;-1.574246575;1.676712329;1.021809267;-0.313042144;0.692328767;-1.470410959;0.130195374;0.305695037;0.071506849;1.044109589;1.229508197;-2.431426005;-1.25260274;2.429589041;0.515095441;0.5744936;-0.511232877
Lansing;us;8.220193877;3.417808219;-1.084657534;-0.941322704;1.90515832;-3.034520548;0.077808219;1.248548544;1.565424059;0.327123288;-0.939726027;-2.054460663;0.165419567;3.00109589;-1.026027397;2.842845273;-3.985037054;-1.829589041;2.898356164;1.955067745;-0.37041021;-1.505479452
Las Vegas;us;0.60463358;-3.714794521;3.114794521;1.597825436;0.028749906;-2.609315068;2.451506849;-0.113291414;0.366442099;-0.291780822;0.756712329;-1.057603114;0.113493525;-0.010958904;-0.784931507;2.45562093;-1.39041545;2.282191781;-0.225205479;-0.103182873;0.636881503;-0.166849315
Lexington;us;2.886072311;2.539178082;0.275616438;-2.071631859;1.972453776;-2.410410959;0.126575342;1.209469272;0.965599221;-0.104383562;0.794520548;-4.118304514;1.480496295;1.231780822;0.565205479;1.372517404;-2.264846171;-0.547671233;1.536164384;1.58782843;0.050527734;-1.008493151
Libreville;gabon;-23.43923797;70.83479452;-7.071232877;6.360375777;6.854144771;-1.033150685;-1.339452055;-12.2334546;13.96002994;1.997260274;-0.40739726;-1.291696235;1.46484692;0.703561644;-0.792328767;-1.012691818;1.292417846;-5.231780822;4.603570627;0.013387978;1.35619208;-2.103287671
Lincoln;us;13.78886294;1.042739726;0.640273973;-0.167778277;0.512161838;-3.019178082;0.962465753;1.311763605;1.045496669;0.682191781;-1.426575342;-2.684992889;-0.444596152;2.169589041;-0.066027397;3.604149263;-4.758121865;1.028219178;2.31890411;1.367555955;-0.984542256;-2.595616438
Lisbon;portugal;1.504785538;-3.28;1.309589041;-0.104593158;-0.05732465;-1.66630137;2.505479452;-0.844421738;0.079490231;0.75890411;-1.935068493;0.765799835;1.750638521;-0.453424658;-0.291780822;-2.276744517;-0.099419867;0.828219178;-0.541367617;-0.327868852;2.359373456;-3.241917808
Little Rock;us;0.354713676;2.160547945;-0.818630137;-0.903188861;-0.125030317;-2.574794521;1.877260274;0.970651995;1.340580882;0.462191781;-0.892328767;-2.443230781;0.321860918;2.166849315;0.223013699;1.735270604;-3.87061307;-0.702191781;2.852876712;1.018288794;-1.488699753;-1.426575342
Lome;togo;-8.474515308;30.58931507;-3.161369863;19.6613242;2.791552511;-29.31671233;22.25945205;6.57499738;1.225824538;-14.33726027;13.52246575;-18.40529231;18.77679916;1.176986301;-4.335616438;3.367076877;0.492101205;-0.579178082;-0.229316566;-0.507103825;1.297516281;-3.570410959
London;united kingdom;2.468469945;-2.250410959;1.769589041;-0.219888465;-0.419015645;-0.524383562;1.836164384;-0.455060259;-0.197542481;0.307945205;-0.310136986;-0.795074482;0.267129276;-1.720821918;2.975890411;-1.753618534;-0.19213489;2.271506849;-1.343852833;-1.356010929;2.293014447;-1.304109589
Los Angeles;us;1.002188038;-4.269863014;1.476712329;0.890416199;-1.28630661;-1.564383562;2.15260274;0.946174863;-0.299599521;0.674246575;-1.418630137;0.934693465;-0.883460588;-0.383013699;0.06109589;1.378329216;0.297835167;2.280821918;-0.411232877;-0.733817651;0.143406692;0.174520548
Louisville;us;1.355570776;2.738630137;-0.019726027;-1.804529531;1.529187065;-1.927945205;-0.471232877;2.263706864;0.157389026;-0.123013699;0.992328767;-2.444736882;-0.469235721;2.410410959;0.337808219;1.401617636;-3.416960102;-0.72630137;2.60109589;1.151181975;0.075393368;-1.246575342
Lubbock;us;1.620033685;1.838082192;0.160547945;0.763576615;0.073957632;-3.076164384;2.792876712;-0.828921326;0.741798039;1.674246575;-3.378630137;0.837995359;0.583922449;0.109315068;2.129863014;0.368429523;-2.573635003;-0.241643836;0.496986301;1.509549367;0.189902687;-0.857534247
Macon;us;0.658383113;0.855068493;0.086849315;-0.904672505;0.500562916;-1.296164384;1.564383562;1.359086758;-0.578538813;0.096438356;-0.84;-1.289648177;0.767456396;-0.850136986;2.228767123;0.489159368;-2.799022382;-0.339452055;2.767123288;0.443209073;0.526105996;-0.687671233
Madison;us;2.531101879;3.315616438;-0.795890411;-1.021592934;1.283784714;-2.66;0.338356164;1.398241635;1.169155625;0.20739726;-0.926027397;-3.058448986;0.71570926;2.989315068;-0.42739726;3.455706265;-5.44145969;-1.106849315;3.545205479;0.915945056;-0.994027248;-1.435890411
Madrid;spain;1.381997155;-3.219726027;0.724657534;0.088481174;-0.500809941;-1.13369863;2.781917808;-1.379103226;1.005952541;0.967123288;-3.358082192;0.614787784;2.684390299;-1.134246575;1.744657534;-0.876222023;-0.631175238;1.416986301;-0.270783741;-1.431693989;2.522751703;-2.937808219
Managua;nicaragua;58.74128528;-1.358356164;0.046027397;-2.131415525;3.109497717;-1.908493151;0.751506849;-1.849505951;2.020464855;0.227123288;0.411232877;-3.993247249;4.186123961;-1.981917808;1.25890411;0.041261322;1.179012651;-0.364109589;-0.925285575;0.57295082;0.288225167;-2.674520548
Manama;bahrain;-1.382794371;1.417808219;1.584109589;-1.193167153;0.71700277;-2.428219178;2.081643836;-0.198023056;-0.569100232;0.796164384;-0.516986301;-0.976198069;1.397841904;2.016712329;-2.006849315;0.764153005;-0.479769444;0.373424658;0.0451426;-1.474590164;2.487529755;-1.335068493
Manila;philippines;0.42455049;-1.101643836;-0.233424658;1.453960626;-0.576426379;-1.755068493;0.992876712;1.491896849;0.117144247;0.186027397;-0.290684932;-1.60483644;0.705110412;2.109315068;-1.450410959;0.580520997;-0.146822367;-0.688219178;0.445424059;-0.358196721;1.440443896;-2.520547945
Maputo;mozambique;2.159795643;9.670684932;1.122191781;-20.0122352;22.7722352;3.978082192;-6.416438356;-1.380053896;-0.672822816;4.698630137;2.046027397;2.515050528;-2.631214911;-13.23534247;-81.01369863;82.39965491;10.41596152;-0.355890411;4.327907029;-0.802459016;0.093169399;-3.470124261
Medford;us;6.163554907;-1.74630137;0.543835616;0.680987349;1.038738678;-2.549041096;2.960547945;0.209863762;-1.016165132;0.493424658;-1.410410959;-0.69881578;0.754158245;1.020821918;-1.704383562;1.910824163;-0.810276218;3.707123288;-0.003013699;-0.780718617;-1.313801931;-0.096986301
Melbourne;australia;0.792966539;-0.990958904;0.786849315;0.536006438;-0.115732465;-1.800273973;0.903287671;1.465451007;0.549343514;-0.514794521;-0.120547945;-1.723837114;2.038083689;0.005479452;-0.487671233;-0.162722509;1.116969085;-0.312328767;-0.802454525;0.153005464;1.068079198;-1.659726027
Memphis;us;0.169520922;2.14739726;0.701917808;-0.666923422;-0.276364249;-2.233972603;0.392328767;1.972652893;1.291730668;-0.096164384;0.352876712;-3.308825511;0.4929351;1.427945205;0.582739726;1.754849914;-3.846904708;-0.76739726;2.846027397;1.482208998;-0.858099409;-1.578082192
Mexico City;mexico;0.824296729;0.27369863;-1.455616438;0.534397036;-0.358780597;-0.632328767;1.870684932;-0.316187589;1.341119096;-1.267671233;-0.290684932;-1.086314844;2.389876488;-0.157808219;0.801917808;-0.699833071;0.554079647;-1.00630137;-0.101056965;-0.887431694;1.905474961;-2.28739726
Miami Beach;us;1.008091923;-1.259726027;0.100273973;0.513108766;-0.014204656;-0.983287671;1.527671233;-0.523894753;-0.093639494;0.454520548;0.221369863;-5.168862939;5.192972528;-1.623287671;2.438630137;-0.85940789;0.544887342;-0.355890411;1.578356164;-0.990030691;1.006469047;-1.334794521
Midland Odessa;us;-0.026728049;2.496986301;0.105753425;0.626447339;-0.743159668;-3.061643836;3.000547945;-1.408312748;0.511874392;1.870958904;-3.811506849;1.510913991;0.588264092;-0.159178082;3.314246575;-0.25316865;-2.098338199;0.485753425;-0.376438356;2.06197395;0.213916461;-0.996438356
Milan;italy;2.182017367;-2.105479452;1.861369863;0.871108616;-0.759875739;-1.873424658;2.945753425;-1.965458492;-0.242760686;0.628767123;-0.042191781;-0.367038701;0.596353769;-0.995890411;2.390684932;-0.608361404;-0.706707089;1.106849315;-0.429377199;-0.901092896;2.26252489;-0.672328767
Milwaukee;us;16.77955835;3.358082192;-0.40109589;-1.470424433;1.329876488;-2.323835616;-0.171506849;1.070930459;1.388521596;1.094794521;-1.493972603;-2.506556628;0.731762108;3.20739726;-1.523013699;3.188225915;-5.007130025;-1.802191781;3.569863014;2.142191032;-0.265204731;-1.594246575
Minneapolis St. Paul;us;3.809279886;3.019452055;-0.131506849;-1.474547496;1.165232428;-3.046027397;1.54630137;0.271105622;1.764510817;1.229315068;-1.942191781;-3.633601317;1.373053372;2.848767123;-0.357534247;2.995823041;-5.441850438;-1.853150685;5.112876712;1.021468673;-1.072975522;-1.851506849
Minsk;belarus;1.321232128;-1.67260274;5.229863014;0.432983008;-1.594078898;-0.428219178;-0.334794521;0.115835766;0.424986152;0.022739726;0.788767123;0.218698256;-1.552944831;0.264383562;1.625205479;-1.400032188;1.208251366;0.10109589;1.023712853;-2.621857923;-11.84541657;-17.63342466
Mobile;us;1.793760012;0.389041096;0.583835616;0.083363276;-0.311034509;-2.105205479;2.339726027;0.566131447;-0.438186241;0.605205479;-0.935616438;-0.8598181;0.652146867;-0.901643836;1.975890411;0.640819672;-1.846025152;-1.655890411;3.176164384;0.059084512;0.638723707;-0.372328767
Monterrey;mexico;-2.513276443;1.881369863;-0.091232877;-0.538882401;-0.317829927;-2.565479452;1.659726027;0.546260948;0.151273299;0.926849315;-2.577260274;-0.227365072;2.065995209;-1.97369863;1.59260274;0.033133468;-2.529845797;-1.121643836;-1.116543154;1.300273224;2.12147541;-4.224657534
Montgomery;us;7.356626244;1.004657534;-0.034246575;0.001104873;-0.772885695;-1.107671233;1.067945205;2.436655438;-1.629806123;0.841917808;0.429041096;-2.049622726;-0.233117;0.28739726;1.783561644;1.140573396;-1.841395314;-2.203835616;4.205205479;0.555325997;-0.166284902;-1.478630137
Montreal;canada;-0.926150909;3.265753425;0.428219178;-3.296236994;3.376784939;-2.725479452;-0.637534247;0.149616738;2.160246276;1.20739726;-2.673972603;0.167258028;-0.565888165;5.493273621;0;0;0;0;0;0;0;0
Montvideo;uruguay;0.731202186;-2.818082192;1.155068493;0.721428999;1.462132645;-2.399178082;0.138630137;2.710983607;-0.061120593;0.075068493;-1.523835616;0.411253836;0.249020136;0.882739726;-0.641369863;1.544309454;-1.203761509;0.81260274;-0.518404072;-1.545901639;3.336360506;-3.429041096
Moscow;russia;0.0094805;-1.914794521;3.844931507;0.18852459;-1.220305412;-1.077808219;0.766027397;0.432905906;0.604354368;-1.110684932;2.521917808;-0.109029868;-1.264942735;1.328493151;-0.037260274;-1.794596152;1.698431769;-0.007671233;0.542572797;-2.277868852;0.887624822;-1.328493151
Munich;germany;2.578122614;-0.064109589;0.566575342;1.520777753;-1.245161314;-11.52821918;12.17424658;-0.979554607;-7.086746762;7.24;-0.949589041;1.767647279;-0.369565087;-1.560821918;2.466575342;-0.873346807;-1.054050453;2.186849315;-0.19260274;-2.0251688;1.306812636;-0.114619537
Muscat;oman;0;0;0;0;33.6109589;0.246027397;4.684657534;-4.065778876;4.986874766;-13.07287671;-44.1630137;52.75885171;-7.665701026;-0.564626843;-13.2019485;-61.96362527;87.31568007;-32.91342466;21.725067;-7.369125683;-40.08032487;53.06849315
Nairobi;kenya;11.62048282;-50.13205479;0;0;-39.23671233;32.78794521;35.96410959;12.65333333;-2.500730594;0;0;0;0;0;-53.23260274;66.22328767;-15.91041096;-8.961237368;12.84918033;-0.409860768;5.691506849;2.842739726
Nashville;us;1.445671832;2.05260274;0.319178082;-1.136031889;0.253566135;-1.715342466;0.276986301;1.525773636;0.532582529;0.899726027;0.617534247;-3.483722584;0.001530803;0.607671233;1.175068493;1.859991766;-3.288210944;-0.209315068;2.404657534;1.202704544;-0.147362078;-0.870410959
Nassau;bahamas;0.243364024;-4.011232877;2.981643836;1.173656711;0.569083015;-0.45890411;2.652054795;-11.08354518;7.042449285;1.201917808;-4.805479452;6.534609626;0.816075305;-0.631506849;1.59890411;-1.23511191;-0.441326447;-0.052054795;0.306769219;-2.011748634;3.990184894;-3.777260274
New Orleans;us;3.016492252;0.282191781;0.715342466;0.076410659;-0.644355865;-2.383561644;2.692054795;-0.123700127;-3.644245078;4.769863014;-1.090410959;-1.254879108;1.371865409;-0.801643836;2.000547945;0.817208623;-2.41364698;-0.598630137;2.795890411;1.015840258;-1.22871697;0.154794521
New York City;us;3.157963171;0.990136986;0.163287671;-1.886797664;2.306249719;-2.289315068;-1.239178082;1.637543978;1.066565611;2.323561644;-1.956164384;-0.586695112;-1.570291189;3.429041096;-1.137808219;1.703921701;-2.522551838;-1.352876712;2.157260274;1.909971555;-0.775998952;-0.909589041
Newark;us;0.717176435;1.649315068;0.180547945;-1.881192455;2.024480126;-1.882739726;-0.990410959;1.276539412;0.736611273;1.795616438;-2.248219178;-0.276085036;-0.483914964;3.030136986;0.274520548;0.361771091;-2.463414926;-1.08630137;2.107123288;0.841226888;-0.622596751;-0.749589041
Niamey;nigeria;-8.030818924;-34.28356164;38.13643836;3.550346583;2.519790403;-1.750136986;1.844657534;0.551809267;0.31942361;-8.337808219;7.154246575;-7.622747212;7.688226664;1.745205479;-0.801917808;0.087338124;0.475127629;-2.236164384;0.645462984;-0.356010929;1.425342466;-2.492328767
Norfolk;us;5.065638895;1.07890411;0.187671233;-1.015001123;0.585412082;-0.42;0.331232877;0.618655588;-0.775641889;1.46630137;-0.510684932;-0.822324276;-0.448908601;0.868767123;1.828219178;0.272687327;-2.318714724;-0.608219178;1.895890411;0.264376825;1.047403997;-0.746575342
North Platte;us;4.144301969;-0.39369863;1.335068493;0.033727075;-0.630987349;-1.901917808;2.643287671;-0.06557377;0.88338199;-0.360547945;-2.382739726;-1.79965716;0.721848941;2.387123288;-0.594520548;3.543471817;-3.351964967;-0.592054795;2.509589041;0.865031814;-0.424483869;-2.161917808
Nouakchott;mauritania;14.25289767;5.895890411;-7.777260274;7.408526836;-0.37318437;-1.878356164;1.689041096;1.561406542;-0.06113257;1.187671233;0.045753425;-1.087865858;0.936359009;2.225753425;-1.72;0.681931282;0.681904334;-1.437260274;0.694700202;-16.87759563;6.164813235;3.128356164
Oklahoma City;us;4.279178831;2.24630137;-0.014246575;-1.048938543;0.105102927;-3.395616438;2.522739726;1.073238266;0.684022008;2.306575342;-2.756986301;-0.692900666;-0.798606183;1.292876712;1.937260274;0.931857175;-3.945555805;0.721369863;0.985479452;1.147449659;-0.946353769;-2.12630137
Omaha;us;2.358689273;1.225205479;0.506027397;-0.228173516;0.688995434;-2.851780822;1.073424658;0.688267834;1.50899244;0.350410959;-1.788767123;-3.469543379;1.454200913;2.052876712;0.358356164;3.808609926;-5.274637323;0.051780822;2.957534247;1.318327719;-0.703533199;-2.600821918
Orlando;us;2.206696609;-0.683561644;0.130958904;-0.040159443;0.102899169;-1.389041096;1.710684932;0.144855902;-0.162664122;0.746575342;-0.24739726;-5.746896474;5.207170447;-1.992328767;3.242465753;-0.553482297;0.464989146;-0.675616438;2.227671233;-1.264038476;-0.127742346;-0.23260274
Osaka;japan;1.07601542;0.739726027;-0.291780822;0.384236096;-0.285331986;-1.335068493;1.18109589;1.792036829;-1.533680665;1.339726027;0.896438356;-0.692374429;-0.031461187;0.649863014;-0.631232877;-0.566130698;1.115993712;-1.230136986;0.671247099;-0.672677596;0.761978442;-1.183287671
Oslo;norway;4.291361629;-2.783835616;1.827671233;2.051961225;-3.198536567;-0.719452055;2.086849315;0.316931657;0.760054645;0.293972603;-1.434246575;1.69267229;-2.601713385;-3.730684932;5.373150685;-1.642549592;0.345289318;2.675342466;-1.512981511;-1.383333333;0.919602515;-0.14109589
Ottawa;canada;-0.851158769;3.617534247;-0.11260274;-3.151313721;3.302546598;-2.874794521;-0.256438356;-0.112024104;2.158051501;1.130410959;-2.329041096;-0.805869451;0.071074931;3.632054795;-0.684383562;0.493275694;-2.797933229;-11.83594146;0;0;0;0
Paducah;us;2.727347855;2.36109589;0.175616438;-1.221164009;0.641164009;-1.996438356;0.641643836;1.222920129;0.294340145;0.483835616;0.434520548;-2.783188113;-0.998729695;2.686849315;0.55369863;2.360094318;-4.074066921;0.078630137;1.755342466;1.258127105;0.373379744;-1.612054795
Panama City;panama;2.431018789;-1.598082192;0.086849315;0.918738678;-1.888053747;0.323287671;0.422739726;-1.761798787;2.050839883;-1.935068493;-0.035890411;-1.889717045;4.17766225;-0.551780822;-0.039178082;0.799089004;-1.064842428;0.698630137;-0.622312299;-1.883060109;1.231673778;-2.337808219
Paramaribo;suriname;-26.81632083;-10.09808219;-3.452054795;-23.30020885;63.72897597;-74.19561644;-4.007945205;-3.956288644;98.86779549;-40.59150685;27.80950371;-22.34831375;-12.36201187;44.46821918;0.429589041;6.805413579;-0.307331387;-0.620821918;0.06968336;-12.66584699;13.18904035;-5.726027397
Paris;france;3.286830601;-5.262465753;4.248219178;-0.228048507;-0.392773411;-1.201917808;1.819178082;-0.976945879;-0.177574669;0.792054795;-0.627671233;-1.190360805;0.679401901;-1.412876712;3.35369863;-1.745360431;-1.168064226;1.561917808;-0.215438281;-2.312021858;3.244994386;-8.594794521
Peoria;us;2.731404297;2.582465753;-0.553150685;-0.786129201;1.092156599;-2.420547945;0.588493151;1.04153754;1.44476383;0.286575342;-0.775068493;-3.109822592;0.422973276;2.055616438;0.281369863;2.574466652;-4.102137885;-0.7;4.02630137;0.281027772;-0.613630511;-1.720821918
Perth;australia;-0.069762707;-63.62794521;63.57479452;-0.197305188;-1.802694812;-0.627945205;0.999178082;1.089931881;-1.167466128;1.395890411;-0.810684932;-0.843422412;1.631367617;0.544931507;1.538630137;-1.099082267;0.226205554;-0.494794521;-0.256001198;-2.777322404;2.867022232;-2.250958904
Philadelphia;us;1.094865634;1.883013699;-0.340547945;-1.734599147;2.331037503;-1.807945205;-0.709041096;0.964090875;0.446046111;1.532054795;-2;0.105778876;-0.524682985;2.481369863;0.154246575;0.964203159;-2.438997679;-0.98;2.488493151;0.504001797;-0.361262071;-1.543561644
Phoenix;us;-1.414414253;-2.963287671;2.893424658;1.154222621;0.847147242;-1.760273973;0.966849315;0.221687252;0.257764803;-0.037260274;0.330136986;-0.989439329;0.935466727;-1.603561644;0.613424658;1.453030915;-0.128921326;1.265753425;-1.11890411;0.793547421;0.509192305;-0.891232877
Pittsburgh;us;8.735476458;2.575890411;-0.852054795;-0.887454151;1.354029493;-1.815890411;-0.329863014;1.465494423;-0.006590314;0.729863014;-0.524657534;-1.339325548;0.311654315;1.157260274;0.868767123;1.412864735;-2.58491953;-1.526849315;2.652328767;1.334030242;-0.444715173;-1.564931507
Pocatello;us;0.144643312;-0.232054795;0.493424658;0.971036006;-1.063364773;-3.404931507;5.237260274;-2.090548694;-0.36671158;1.127123288;0.191506849;-2.743175387;-0.158468448;1.865479452;-1.329041096;4.298532824;-2.965382139;2.61890411;0.631232877;-1.543498016;-0.717323901;1.10630137
Port au Prince;haiti;-3.921335523;0;0;0.620806198;0;47.80878284;-52.48109589;3.26302343;59.15478479;-57.32090501;0;0;41.7899461;47.80383562;2.17890411;-27.29260274;-1.264782544;0;19.1579235;5.81557377;4.858682536;-9.908493151
Portland;us;1.625303915;0.050958904;0.383561644;-0.750808069;0.684643686;-1.970958904;1.295753425;0.576217531;-0.190464107;1.423835616;-2.15630137;-0.706441725;0.866030766;1.661917808;-1.054246575;1.37015046;-1.271383337;0.705890411;1.048493151;0.176016169;-1.577523018;1.115342466
Prague;czech republic;2.732614717;-0.065753425;1.357534247;1.55320009;-2.111830227;-0.343835616;1.48630137;-0.742657385;-0.01569878;0.981369863;1.06630137;-1.345087207;-0.006693615;-2.063835616;2.679452055;-0.343349053;-1.328705741;2.524931507;0.028091174;-2.107923497;1.32585972;0.59890411
Pueblo;us;-1.118311251;0.387671233;2.62;-0.174059436;-0.998269332;-1.399178082;3.392876712;-1.517013998;0.550438656;0.057808219;-1.637534247;-0.077543229;-0.352593757;1.665753425;-0.690958904;2.769875739;-2.781656561;0.335890411;2.109863014;1.032897672;-1.16002096;-0.050136986
Pyongyang;north korea;0.796091025;-1.159452055;1.304383562;-2.655230182;1.991394565;-6.003835616;5.713150685;-2.25043641;-13.6314814;-0.400273973;-5.757808219;22.81278763;-3.615801332;2.380008983;-0.719187065;1.106891983;0.810916236;0.888219178;-0.106785688;-1.326229508;1.3039741;-2.620547945
Quebec;canada;-1.439469272;2.933424658;0.793424658;-2.732188787;2.692188787;-3.256438356;0.221917808;-0.222968785;-9.512921626;13.21561644;-3.56739726;0.571533049;-0.349889213;4.437260274;-4.805479452;-1.262492702;2.71290366;-2.505205479;0.945580508;-0.840163934;1.337323153;-2.280821918
Quito;equador;7.795983981;5.609041096;-6.77890411;6.844917284;2.602479976;-0.26;1.504931507;-10.71107269;12.22942885;-2.894246575;1.585753425;-1.470389251;1.926553634;-0.839726027;0.438082192;0.501866158;0;0;0;0;0;0
Rabat;morocco;1.078931058;-3.443287671;1.224109589;0.982869975;0.603705367;-2.428767123;1.841917808;0.027406243;-0.424118572;1.096712329;-1.993972603;-0.431353395;-0.220975372;1.746849315;0.553972603;-1.095147092;-0.155811812;0.616712329;-0.272922374;0.044262295;1.348386107;-3.013972603
Raleigh Durham;us;1.280533723;0.837808219;0.460547945;-1.372059286;1.855346957;-1.672054795;-0.071780822;1.433843851;0.287799985;0.530684932;0.842191781;-1.415867954;-0.07399506;0.308219178;1.54739726;-0.170419193;-2.781909574;-0.069863014;2.226849315;0.456070814;0.329408638;-1.408219178
Rangoon;myanmar (burma);-6.012208249;-7.708219178;-19.45260274;29.26073508;5.277073134;-1.739726027;1.757808219;0.001565985;1.155694288;-4.157260274;2.428767123;-0.313266712;1.386691369;1.534794521;-2.188219178;1.165640392;-0.63166779;-0.455342466;-0.328836739;0.126229508;1.497127779;-1.985753425
Rapid City;us;3.868699004;-0.039452055;1.908219178;-0.966427876;0.95629089;-3.007945205;2.572054795;0.704462909;0.586222023;0.721917808;-0.531780822;-5.1932989;0.139052324;1.93260274;-0.207671233;4.512792125;-5.215257879;0.218356164;2.991780822;0.556213788;-0.840049405;-3.379178082
Regina;canada;5.227142002;0.918082192;0.071780822;-2.523289168;2.59506999;-4.136712329;2.606027397;-0.900177408;1.362917135;2.199178082;-2.171506849;-5.748238641;2.191526312;3.41890411;0.533424658;1.075270604;-4.213626768;0.365753425;4.041315967;1.067759563;-1.294281009;-3.257534247
Reno;us;-0.219602515;-1.735616438;3.114520548;1.003539936;1.059747736;-3.242191781;3.110410959;-0.158294783;-1.177321656;0.696438356;0.290958904;-0.943135714;-0.335220451;0.527123288;-0.852328767;3.110972378;-2.203027173;3.34739726;-0.70109589;-0.31103376;-0.479377199;0.139452055
Reykjavik;iceland;0.204284752;-2.529589041;0.732876712;0.604176211;1.372536118;-1.167671233;2.82109589;-0.910933453;-0.914819972;0.601917808;-0.186027397;0.027344861;0.047449659;0.986849315;-0.944657534;0.324292986;-1.170594356;1.480547945;-2.993013699;1.841256831;0.558606183;-2.52630137
Rhode Island;us;4.166454076;1.004383562;0.873424658;-2.153278689;1.786155401;-1.884383562;-0.407671233;0.667374804;0.867145744;2.001643836;-1.881643836;-0.28277416;-1.08982858;3.221369863;-0.926849315;1.05459765;-1.948570252;-0.766575342;0.935616438;1.499474512;-0.659474512;-0.114794521
Richmond;us;3.570557676;1.197260274;-0.374794521;-1.008050752;1.431886369;-1.4;-0.429041096;2.233220301;0.489793398;1.182191781;-0.842191781;-1.039356239;-0.63215061;1.53369863;0.920547945;0.162330264;-1.79137136;-0.322465753;1.108767123;-0.653673179;1.200796467;-0.845205479
Riga;latvia;3.5125713;-23.6030137;24.66273973;0.67551688;-1.265379894;-0.859452055;0.560547945;-0.499103975;-0.064731642;0.561643836;0.021917808;0.035541582;-1.479925144;-1.58739726;2.82109589;-1.951860918;1.618162288;0.574794521;0.363873793;-1.490710383;0.565192754;0.308767123
Rio de Janeiro;brazil;-21.86509619;-6.187123288;25.38575342;2.050619058;1.030202859;-3.546027397;2.97369863;-0.261972453;1.096493001;-0.580547945;-1.417534247;-1.977099334;2.271071937;2.331232877;-1.648767123;1.139904933;0.366396437;-0.742191781;0.505030317;-1.652459016;1.735373905;-2.000273973
Riyadh;saudi arabia;-0.388715473;0.603835616;1.747671233;-0.345851486;0.054618609;-2.60630137;2.162191781;-0.335099184;0.373729321;-0.205205479;-0.203287671;-1.113596826;1.433048881;1.436986301;-2.335890411;1.24973501;-0.453844599;0.15260274;0.684028745;-1.955191257;2.476094019;-1.822739726
Roanoke;us;0.468439254;1.901917808;0.036438356;-1.311713452;1.77363126;-2.156438356;-0.063561644;2.149100981;-0.337868104;0.844383562;0.460273973;-1.564876862;-0.412383412;0.632328767;1.255342466;0.702854256;-2.578196721;-1.018630137;2.245753425;0.615281084;0.428554533;-1.06109589
Rochester;us;5.237270005;2.598082192;-0.235616438;-1.319954338;2.076666667;-1.862739726;-1.191506849;0.570749308;1.293086309;2.844109589;-2.785205479;-0.990788233;-0.911677521;2.578082192;0.238356164;1.982670859;-2.625136612;-1.251506849;1.53369863;2.029010405;-0.949284378;-0.145205479
Rockford;us;13.16634553;3.080821918;-0.987945205;-0.87834793;1.545197245;-2.608219178;0.594520548;0.994184445;1.030199117;0.552328767;-0.416438356;-3.084668763;0.077271502;3.02109589;0.057534247;2.785355191;-5.006177109;-1.76109589;3.756712329;1.79225466;-0.657734112;-2.39890411
Rome;italy;1.326646456;-1.666849315;1.496986301;0.018626394;0.263839359;-2.01369863;2.508493151;-1.117103825;-0.933307134;1.38630137;0.180821918;-0.368515607;0.883310128;-0.810410959;0.62109589;0.172944831;-0.025821544;0.833150685;-1.310334606;0.613114754;0.192562318;-0.556438356
Sacramento;us;0.163644734;-4.378356164;0.422465753;1.424486114;1.032500187;-3.182465753;3.086575342;0.179237218;-0.446634479;-0.679178082;-0.456986301;0.290722359;0.344346134;-0.010684932;-0.88630137;1.508104649;-0.01769369;2.690410959;-0.569863014;-0.912417097;0.065019837;-1.049315068
Salem;us;14.23911371;-1.411506849;0.299178082;-0.379517179;0.819791152;-1.870410959;2.736712329;0.137951194;-0.948362153;0.625205479;-1.23369863;-1.834674751;1.96508571;1.338356164;-1.257260274;0.821304738;-0.492263642;3.012054795;0.770684932;-1.035011603;-1.864714425;1.393972603
Salt Lake City;us;0.187130773;-2.02109589;1.518082192;1.118341942;0.247685455;-4.090958904;4.757534247;-2.444588667;1.052533872;0.354794521;-0.153972603;-2.233137211;0.2772468;0.847123288;-1.012054795;4.898886893;-3.131763605;2.455068493;0.47369863;-0.136347781;0.011142301;0.072328767
San Angelo;us;0.169538888;2.060821918;1.284657534;1.132795868;-2.012795868;-2.509041096;1.648767123;-0.178842728;0.433089303;2.45369863;-3.919452055;1.777472865;0.532664122;0.521917808;2.932054795;-0.739642189;-2.565837263;0.335616438;0.047671233;0.759871996;0.368347182;-1.098082192
San Antonio;us;-1.519428849;0.657534247;1.46630137;0.078653342;-1.352078;-1.761369863;1.735068493;0.899144397;0.695924096;1.578630137;-3.565479452;1.651854181;0.258282806;-1.37260274;2.824931507;-0.155147092;-1.16183921;-0.174794521;0.323013699;0.316079048;0.765564788;-1.809041096
San Diego;us;1.030455872;-3.868219178;0.244657534;1.788734187;-1.269282132;-1.752054795;2.838630137;1.292542855;-0.578022307;0.475890411;-2.150684932;0.689975298;0.439339771;-0.666849315;0.552876712;0.627365072;-0.133392469;3.604931507;-0.152054795;-1.190522494;-0.282080246;0.165753425
San Francisco;us;10.31637997;-3.743287671;0.356438356;1.836043117;-0.273303391;-1.850684932;2.384109589;0.988785837;-0.593443372;-1.015342466;-0.627945205;-0.143596826;0.581679018;1.072328767;-1.538630137;0.49937645;0.295144098;4.077534247;-1.555616438;-0.589466277;0.154945729;-0.789315068
San Jose;costa rica;13.86952616;-0.962465753;-0.364109589;-0.193224044;1.518977468;-1.086575342;1.285479452;-0.164329665;-0.181971704;0.444109589;-0.690136986;-1.694132046;2.13248821;0.050136986;-0.306027397;0.245806572;0.269809866;-0.089315068;0.290816678;-0.936065574;0.967440677;-2.368767123
San Juan Puerto Rico;us;54.9914013;-7.083561644;8.576986301;-6.875263118;3.425400105;5.457260274;4.834520548;-3.106525189;-2.016762482;-4.025205479;-3.589041096;1.950407965;2.181920802;19.08438356;-1.929863014;3.824760835;-0.813710176;0;0;0;0;0
Santo Domingo;dominican republic;7.690817426;-5.755616438;-0.194520548;1.018062729;1.386594805;2.321369863;0.124383562;-5.091364623;5.573008459;-7.53890411;2.984657534;-2.383242758;7.564612621;2.183013699;-1.149589041;-10.19994985;-46.22607755;25.27205479;26.90784789;0.005191257;4.388056741;-4.368219178
Sao Paulo;brazil;-8.095561045;-7.592328767;15.05890411;1.429805375;1.292934351;-2.144383562;0.703013699;-1.255116401;1.366897223;-0.201917808;0.192328767;-2.288182499;1.607086608;0.549589041;-0.656438356;1.435008608;-0.990899019;0.776438356;-0.071331687;-2.280327869;1.99111161;-1.93890411
Sapporo;japan;1.6155326;-1.617808219;1.617534247;-0.440395239;-1.787823939;0.148219178;1.165205479;1.759918407;-1.487315667;0.630410959;0.457260274;-0.823033161;0.710430421;1.145479452;-1.291780822;0.023029418;0.272860993;-0.483287671;1.307967662;-2.229508197;1.137704918;-0.614246575
Sault Ste Marie;us;1.799687102;-43.4509589;44.00356164;-2.280978367;5.299608504;-3.964657534;0.642739726;-0.524412007;2.707425706;1.069589041;-1.566027397;-2.161533797;0.189479003;4.337260274;-1.585479452;2.320488809;-4.335831275;-2.236438356;-1.056712329;7.227889064;-1.209806872;-0.832328767
Savannah;us;5.046988547;0.671232877;-0.107123288;-1.24852983;1.449899693;-1.136438356;1.050136986;-0.060866083;-0.436668164;0.90739726;-0.287945205;-4.70300247;4.607660004;-0.541917808;2.154246575;0.184929261;-1.02794296;0.115890411;1.071780822;0.372785388;0.662557078;-1.10739726
Seattle;us;0.913566135;-1.370684932;-0.448219178;0.463534696;-0.106548394;-1.736712329;3.164383562;0.711664047;-0.606458567;0.221643836;-1.585479452;-1.47588068;1.818072461;0.817808219;-1.589041096;1.323378995;1.327853881;1.270958904;0.729863014;-0.693429897;-1.76109065;1.447945205
Seoul;south korea;0.968312748;0.948493151;-0.184931507;-0.990344337;-0.348833745;-0.612876712;1.729315068;1.697149487;-2.546738528;1.728219178;-0.783561644;-0.136170372;0.224937495;-0.241369863;-0.460547945;0.102936597;0.379803129;1.06109589;0.175767647;-0.567759563;0.358293285;-1.990136986
Shanghai;china;1.893825885;-0.24;-0.452328767;0.689486489;0.305582005;-1.742465753;1.521369863;0.761142301;-0.670183397;1.346849315;-0.602191781;-2.038955012;1.61347556;-0.145205479;-0.389041096;0.014760087;1.538938543;-1.195616438;-0.293595329;0.189071038;2.020414702;-1.705205479
Shenyang;china;1.430139981;-0.252876712;0.110684932;-1.021008309;-0.088854705;-0.338082192;1.660273973;1.01502358;-2.573379744;0.376164384;0.18739726;-0.520236545;-1.554010031;0.021369863;0.77260274;-0.585044539;0.928058238;1.577534247;-0.314335654;-1.582513661;2.913013699;-3.082465753
Shreveport;us;-0.223347556;1.770684932;0.210410959;-0.130699154;-0.775054271;-1.853150685;1.916438356;0.675701026;1.33964144;0.567123288;-1.433150685;-1.674706939;-0.134608129;1.202191781;2.106027397;0.113000973;-2.628617411;-1.034520548;2.741917808;1.07723108;-0.458600943;-1.24630137
Singapore;singapore;1.323663448;-1.836438356;-0.015890411;0.465550565;0.134449435;-1.093150685;0.964931507;0.659616738;0.27380792;-0.470410959;-0.87890411;-0.096350775;0.812789131;0.795342466;-0.922465753;-0.045775133;0.214816229;-0.058082192;0.115670335;-0.677322404;0.685213714;-1.64
Sioux City;us;2.977448911;1.86109589;0.322191781;-0.839971555;0.042711281;-2.019726027;1.401369863;0.974551987;2.136954862;-0.691506849;-1.717260274;-3.372723258;1.586969833;1.572876712;-0.307123288;3.95520024;-5.248076952;0.666849315;3.143835616;1.308430272;-1.644320683;-3.386575342
Sioux Falls;us;1.790251516;2.29260274;0.879726027;-1.354656786;0.954382813;-2.140547945;1.497534247;0.77879482;1.035999701;0.705205479;-1.569041096;-3.131726926;0.687343364;1.300547945;0.125205479;4.422149113;-6.126258702;0.040273973;4.051780822;0.800870574;-0.692925369;-2.653150685
Skopje;macedonia;0.944123063;-1.085753425;0.442191781;-0.133621529;0.239922898;-2.353424658;2.179178082;-0.157752826;-1.026082791;0.362465753;1.847671233;-0.226403922;-0.835239913;1.020821918;-1.473150685;1.300956658;0.514933753;-0.237534247;-0.859639943;-1.240163934;1.640625795;-0.553972603
Sofia;bulgaria;-17.62794521;0.316164384;1.503287671;1.128143574;-1.003486039;-1.927671233;1.375616438;0.367562692;-1.399891459;1.278356164;2.707945205;-0.146792425;-0.739782918;0.621643836;-1.405479452;1.747935474;0.281379594;-0.765753425;-0.181746388;-0.829781421;0.94632233;-1.277808219
South Bend;us;0.410571151;3.637808219;-0.322191781;-1.665531851;1.497312673;-2.750684932;0.33260274;1.111206677;0.733176884;0.739452055;-0.609041096;-2.729708062;0.336557377;2.553972603;-0.167671233;2.737796991;-4.02300247;-1.635890411;2.582191781;0.749105472;-0.638146568;-1.152054795
Spokane;us;2.503325848;1.301369863;-1.205479452;-1.730090576;1.391460439;-2.473972603;3.64739726;0.397136762;-1.294123063;1.188767123;-0.871506849;-2.622044315;1.36259226;1.42109589;-1.312328767;2.107329141;-0.919657909;1.33260274;2.395068493;-1.545991466;-1.812364698;1.076712329
Springfield;us;8.898804551;2.163013699;0.044383562;-1.006338424;0.878667191;-2.987123288;1.648630137;1.081410659;1.16639756;0.754520548;-0.991917808;-3.316978442;1.083416798;1.761506849;0.415890411;2.53904933;-4.799460289;-0.111506849;2.879863014;1.643125982;-0.180112284;-1.905753425
St Louis;us;1.346981061;2.199726027;0.322191781;-1.432560072;1.57447788;-2.510410959;1.05369863;1.108737181;0.465235422;0.552328767;-0.514794521;-3.487469122;1.494866382;1.937260274;0.685753425;2.457256531;-4.754242833;-0.524931507;3.057534247;1.373552661;-0.032730743;-2.931780822
Stockholm;sweden;1.974885845;-3.210410959;4.588767123;0.592113182;-1.545263867;-1.136438356;0.688493151;-0.238211692;0.583691145;0.938082192;-0.672876712;0.573507748;-1.645562542;-2.783561644;4.570410959;-2.336641964;0.906778951;1.480547945;-0.884594655;-1.483879781;1.17724156;-0.003287671
Sydney;australia;1.859889962;-1.851506849;2.062739726;0.654833446;-0.929353994;-1.62630137;1.067671233;0.451645333;1.208902612;-0.906027397;1.546575342;-2.530598099;1.817173441;-0.335616438;-0.167671233;0.1448574;0.53404671;0.24739726;-1.089913916;-0.20136612;1.416211543;-1.64630137
Syracuse;us;1.206994536;2.214794521;-0.194794521;-2.216885246;3.027022232;-1.792054795;-1.419726027;0.645141103;1.141982184;1.450410959;-2.583287671;-0.394624598;-0.051676772;2.516712329;0.865479452;1.741616139;-3.491753125;-1.013150685;0.533150685;1.281589191;-0.830082341;-0.60630137
Taipei;taiwan;-0.251782319;-0.92;-61.31424658;25.13575567;34.83849091;2.208767123;0.786849315;-0.413069092;0.152795119;0.765205479;-0.80739726;0.10415076;0.109273898;-0.020821918;-0.979452055;0.501382589;0.459439329;-0.228493151;0.104572947;-0.806557377;2.218696759;-1.975342466
Tallahassee;us;6.491660304;0.283013699;-0.257808219;0.122478479;-0.482204506;-1.129041096;0.398082192;0.905786361;0.588186241;0.53369863;-0.204931507;-5.824603638;5.018302268;-1.213150685;2.29260274;0.67273748;-0.478490905;-1.085205479;3.483013699;-0.901557751;-0.623373756;-0.776986301
Tampa St. Petersburg;us;3.452060783;-1.150958904;0.176986301;0.20032712;0.130631784;-1.595068493;1.379178082;-0.022118422;-0.205004866;0.873150685;0.264931507;-5.587995359;5.178406318;-2.015890411;3.080821918;-0.018747661;-0.444813983;-1.37890411;3.156986301;-0.982448537;1.106558126;-0.756986301
Tashkent;uzbekistan;-5.609638446;-14.93479452;23.23917808;0.909626469;0.530921476;-2.20739726;1.057808219;1.761836964;-0.834165731;0.461917808;-0.793150685;-0.980229808;0.80680515;1.693972603;-1.819726027;-1.526680141;2.345858223;-2.845479452;2.007544726;-0.059562842;0.339415375;-1.643287671
Tegucigalpa;honduras;5.724115578;-1.510410959;-6.439452055;4.233670933;2.370986601;-3.187945205;4.226849315;-6.82;3.191232877;-1.082465753;4.157808219;-2.518761135;-2.930005988;5.091780822;1.13369863;-0.027713901;0.615659106;-0.084931507;0.617633056;-1.282786885;0.488715473;-3.392328767
Tirana;albania;0;0;0;28.06175911;-44.00751254;30.76246575;20.35945205;-0.787082865;-1.149629463;-1.366575342;2.32109589;-1.099426604;-0.389614492;1.167671233;-0.650136986;-0.034203907;0.528724455;-0.197534247;-0.125452504;-1.103278689;1.397772288;-0.495342466
Tokyo;japan;1.797571675;-1.204931507;1.419452055;-0.780398233;-0.890834643;-1.200821918;0.960547945;2.351600419;-2.006120967;0.253150685;0.712328767;-1.32793772;0.826567857;1.10109589;-0.610410959;-0.792662624;1.407183172;-1.029041096;0.37704918;-0.705464481;0.77362078;0.153972603
Toledo;us;1.007424957;3.446027397;-0.941643836;-1.171644584;2.099041844;-1.889589041;-1.04630137;1.043405944;0.517415974;1.432328767;-1.551506849;-2.559713302;1.022453028;2.455342466;-0.561369863;2.069639943;-3.781420765;-1.88739726;2.508219178;2.046117973;-0.312967288;-0.063835616
Topeka;us;1.986889737;1.669315068;0.425205479;0.049464032;0.367248297;-2.955068493;1.484383562;-1.152847519;2.159970806;1.602191781;-1.940273973;-2.847844899;1.069488734;2.20630137;0.222739726;3.470595853;-5.137719141;0.279726027;1.66109589;1.420394491;-0.569983532;-1.622191781
Toronto;canada;0.90325174;3.203835616;-0.259452055;-2.283700876;2.837947451;-2.147671233;-0.865479452;0.536678644;1.49428026;1.16739726;-1.643287671;-1.866204057;0.220450633;3.07890411;-0.656438356;2.346154652;-3.570812187;-13.27714966;0;0;0;0
Tucson;us;0.156671907;-3.435068493;2.832054795;0.871751628;-0.255587245;-1.360547945;2.200273973;-0.921024029;1.067599371;-0.674520548;0.063561644;-1.304454675;2.08500262;-1.750958904;0.635616438;1.322143124;-0.134471892;1.233424658;-0.864657534;0.727726626;0.691999401;-1.055616438
Tulsa;us;1.587484842;1.731232877;0.481917808;-0.697630062;1.25954787;-3.193424658;1.259726027;0.820598847;1.066250468;1.365479452;-2.705479452;-0.756851561;-0.278764878;1.537260274;1.159452055;2.404183696;-5.338156299;0.260273973;2.12630137;1.914422487;-0.6842855;-1.92
Tunis;tunisia;1.375113407;-2.30630137;2.471506849;-0.137040198;0.392930609;-2.460821918;1.829315068;-0.413882776;-0.232144622;1.257534247;-0.776164384;-0.275727974;0.388056741;0.323013699;-0.014794521;0.151811513;0.013393967;0.514520548;-1.308242383;-0.652459016;1.16700277;-1.561643836
Tupelo;us;0.599034359;1.959452055;1.155616438;-0.908365147;-1.162045812;-0.976986301;-0.171506849;1.684582678;1.353773486;1.074520548;-0.106575342;-3.779368965;0.225396362;1.015616438;1.058356164;1.280412456;-2.710823415;-0.700821918;2.303835616;1.421744143;-0.353524964;-0.816712329
Ulan-bator;mongolia;5.474933004;-0.96630137;-0.20739726;-0.923092297;-0.61553784;-1.124383562;0.950136986;2.251806273;-1.550162437;1.051780822;1.982739726;-1.59310128;-1.519227487;-1.395342466;-0.608493151;-1.607811213;2.747811213;1.124109589;1.029991766;-3.194535519;3.165091698;-1.86630137
Vancouver;canada;1.949327045;-0.675616438;-0.705753425;0.159091998;0.155154577;-1.555342466;2.800547945;0.896361255;-1.084032487;-0.164931507;-1.366027397;-5.429817352;5.563515982;1.520273973;-1.823013699;0.795234673;0.156546149;-4.121356249;0;0;0;0
Vienna;austria;2.00596377;0.007671233;0.853972603;2.21517928;-1.936549143;-0.60739726;1.279452055;-0.892063029;-0.300813684;0.933150685;1.357260274;-0.415553559;-0.816227263;-2.110136986;2.028767123;0.632023355;-0.48517404;1.509315068;-0.295998952;-1.769945355;1.481834718;0.181643836
Vientiane;laos;-1.762102702;0.064931507;0.605479452;1.534587918;-4.351300247;2.019178082;1.803835616;-0.038926566;0.673173142;-0.144931507;-0.704383562;-2.018666816;2.36743394;1.573150685;-2.046575342;2.142875964;-0.635478703;-0.903013699;0.109803878;-1.034699454;0.857498316;-2.029863014
Waco;us;1.621872895;2.015342466;-0.179178082;0.680760536;-0.710075604;-2.46;1.875616438;0.485169549;0.900309903;1.671506849;-3.507671233;0.614816229;0.648471442;0.032328767;2.394794521;-0.658381615;-2.878878659;-0.421917808;1.413150685;1.320705891;0.345869451;-1.314246575
Warsaw;poland;1.862170821;-0.853972603;2.649041096;1.323361779;-2.273772737;-0.146027397;0.115068493;0.170032188;0.363118497;0.681369863;0.837260274;-0.21863388;-1.463557901;-1.102191781;2.03260274;-0.708109888;0.351945505;1.193424658;0.970750056;-1.937704918;0.968050752;0.443835616
Washington;us;1.05396362;0.66630137;-0.043835616;-1.602658882;1.559645183;-1.477808219;-1.394520548;2.314049704;0.002114679;1.159452055;-0.52739726;-0.37515308;-1.409504454;2.829589041;0.115890411;1.540527734;-2.618883898;-0.258082192;1.650958904;0.039941612;0.527181675;-1.204931507
Washington DC;us;1.05396362;0.66630137;-0.043835616;-1.602658882;1.559645183;-1.477808219;-1.394520548;2.314049704;0.002114679;1.159452055;-0.52739726;-0.37515308;-1.409504454;2.829589041;0.115890411;1.540527734;-2.618883898;-0.258082192;1.650958904;0.039941612;0.527181675;-1.204931507
West Palm Beach;us;0.965090201;-1.116712329;0.252328767;0.229894453;0.267091848;-1.188493151;1.822191781;-0.506801407;-1.217582154;1.460273973;0.189589041;-5.780914739;5.165572273;-1.332328767;3.57369863;-1.505576016;0.8617404;-0.665753425;1.646849315;-0.676442848;-0.158899618;-0.870684932
Wichita;us;1.42533498;1.804383562;0.095616438;-0.116318587;0.987277491;-3.966849315;1.717808219;1.189086009;0.410366045;1.850410959;-2.59260274;-2.133201587;0.885256381;2.203835616;0.534520548;2.88895576;-5.3815585;0.779178082;2.270410959;1.069127929;-0.951593682;-1.422191781
Wichita Falls;us;-0.510699903;2.044109589;0.665753425;0.182530878;-0.467188412;-3.759726027;2.730136986;-0.093659705;0.918865185;2.326027397;-2.753150685;0.901154278;-1.953209073;0.424931507;3.243013699;-0.39834269;-3.116999775;0.053150685;0.626575342;-0.102616962;0.953849839;-1.012328767
Wilkes Barre;us;0.338394341;1.670684932;0.32739726;-1.106968336;2.072447788;-1.577534247;-0.987945205;1.177731118;1.419529156;0.800273973;-2.078082192;-0.368496893;-0.53396886;2.668767123;-0.127945205;1.649431095;-2.398472191;-0.782191781;2.283561644;0.782075006;-0.353855828;-1.295616438
Wilmington;us;1.297601617;2.418082192;-0.677534247;-1.564652294;1.600542705;-1.720821918;-0.646027397;1.355924096;-0.020855603;0.730684932;0.423561644;-0.704702448;-2.34351673;7.418299758;0;0;0;0;0;0;0;0
Windhoek;namibia;-3.543745041;4.147945205;-1.164931507;-5.269050079;-42.7991691;-19.33835616;42.17616438;6.218191481;17.9119455;-3.29890411;-3.976712329;5.478151808;-1.997877835;2.43369863;-16.87452055;18.88951943;1.759521671;-5.684109589;1.609014148;0.243442623;1.914666517;-17.31726027
Winnipeg;canada;4.101578711;2.908767123;0.116438356;-2.817221349;2.211467924;-4.201369863;2.888493151;-2.096951868;2.85092447;2.356986301;-3.637808219;-2.388135339;1.039094244;4.169589041;-0.823561644;1.532911146;-5.595924845;-14.49709691;0;0;0;0
Yakima;us;1.781334681;0.208219178;0.033150685;-0.657403997;1.33877386;-2.475342466;3.537534247;-0.564626843;-1.161126581;0.266849315;-0.515616438;-1.697756569;1.167071637;1.506575342;-1.240547945;2.149961075;0.274970432;1.367123288;2.111232877;-1.437752826;-1.889644434;0.761369863
Yerevan;russia;-0.799244704;0.659452055;0.771232877;-0.366686129;0.319562842;-4.305205479;-5.523544521;0;0;0;0;0;0;0;0;0;0;0;0;0;0;0
Youngstown;us;0.863898495;2.869589041;-1.106575342;-0.763524216;1.311469421;-1.879178082;-0.636164384;1.041577962;0.726641216;1.176438356;-1.092054795;-1.525505652;0.656738528;1.715068493;-0.175616438;1.817470619;-2.911991167;-1.597260274;2.429863014;1.752066023;-0.281655064;-0.815890411
Yuma;us;-0.390073359;-2.481917808;0.703013699;1.948212441;0.798636874;-3.122191781;1.491506849;-32.69117599;-12.56964593;-1.489699538;0;0;0;0;0;0;0;0;0;0;0;0
Zagreb;croatia;11.20725503;-1.136986301;4.202465753;2.187101579;-0.846279662;-1.513150685;1.810958904;-1.412184295;-0.808911595;1.982191781;-1.830136986;1.987457894;0.446514709;-1.607671233;1.510684932;0.836263942;-1.193524216;1.425479452;-0.936053597;-2.128961749;2.841453702;-1.635342466
Zurich;switzerland;3.553497268;-1.760821918;1.361643836;1.860708137;-1.216050603;-0.643561644;0.919452055;-0.685522868;-0.299408638;0.879178082;0.181917808;-0.402124411;0.056370986;-1.542191781;2.972054795;-1.349895202;-1.100241785;2.304383562;-0.43337675;-2.018852459;2.087023729;-0.326575342
